customer_id,name,email,phone,address,created_at
07bd62df-7236-4563-a884-b218eea4b417,Annette Richardson,xmclean@example.com,3524197735,"7223 James Gateway
New Gilbertbury, LA 58412",2025-03-09
e0aec7cc-2499-4f68-8a69-ced56a8337f0,John Monroe MD,shirley03@example.net,(943)916-3185,"460 Murphy Station
West Nathaniel, VA 17241",2021-02-13
9098422f-caeb-466d-9b95-89a2ec869a70,Thomas Jacobs,emilyballard@example.org,770.972.8924,"604 Melissa Gateway
Blackstad, PA 16097",2022-04-13
9058d1f5-5f69-432b-8bdd-c9e6d78c78dd,Mario Edwards,jessicagarcia@example.net,(972)289-4439,"105 Angela Ramp Suite 535
Carsontown, AL 71251",2022-03-25
14cad10a-4eaf-4f21-b790-cfe736d7bb89,Leah Garcia,gkennedy@example.org,646-415-4407x63609,"505 Orozco Square
West Michael, VA 59300",2022-04-03
87dc8b34-aca4-445a-82aa-7af0786f3914,Susan Jensen,kruegerashley@example.org,206-581-8756,"3509 Cruz Avenue
East Angela, GA 19597",2024-03-11
35142e45-740e-4739-b358-a6445aaf003d,Jacqueline Perez,john87@example.com,+1-574-958-6547x030,"995 Stone Fall
North Gregory, MI 32978",2024-04-25
254c02aa-5290-413b-9f09-24e576303418,Travis Morales,jvasquez@example.net,001-417-499-9920x30350,"PSC 2719, Box 1265
APO AP 28599",2020-02-18
d657025d-49b8-47ea-a8b7-8c35c067097b,Melissa Bishop,harristyler@example.org,(783)842-4254x4822,"641 Shannon Stream Suite 864
South Brittneyview, FL 14002",2020-12-28
4532a3c7-999b-4d77-bbe4-315c8fa9629b,Stephanie Jackson,tararivas@example.org,001-444-976-2078,"670 Jennifer Row Suite 889
North Jeremy, MS 10647",2023-03-06
0379a6c1-cc05-4ac6-a17d-fb800f46cefb,Chelsea Garcia,butlerkenneth@example.com,001-428-966-2917x557,"USNS Haas
FPO AP 04090",2020-03-01
fedadb3d-8a5f-4423-8d13-d4ab2a1b1e8b,Amanda Obrien,maxwellmatthew@example.net,218-765-1619x52319,"521 Smith Burg
West Kenneth, IN 40244",2022-08-20
070a41f7-4dda-40de-9115-fba1d3b68da1,William Wright,mary19@example.com,(644)316-6244x4581,"91949 Jeremy Brook
West Jasonview, MP 98407",2021-11-02
6e2e4ee0-8153-4277-ad07-73d745ba64e4,David Smith,znicholson@example.com,950-655-4129,"786 Katie Shoal
East Tabitha, DE 55878",2022-09-03
bc6a3ea7-cc7b-4240-9da9-20e64d62c433,Stacey Bowman,sanderscarl@example.net,(804)626-7223,"6621 Petersen Locks
East Laura, NJ 20074",2020-01-19
b9d82e83-138f-423a-9a62-5696a511c91b,Joseph Greene,christinalynn@example.net,(465)984-3505x452,"97970 Thomas Mountains
North Keith, KY 89568",2021-11-03
a42f6960-8c47-453f-bdf5-fd26c6d64e92,Amanda Allen,natalie85@example.com,001-803-519-4529x8463,"984 Kara Estate
South Amandafort, NY 43689",2022-10-06
9c2dc690-53f2-4755-9b79-0ab4c2d72891,Stephanie Marshall,utorres@example.com,(815)470-5850,"986 Hoffman Shoals
South Valeriemouth, SD 45147",2022-10-29
013b0f34-e1dd-4d6e-a2ff-842fecd92629,Sharon Rivera,sriley@example.com,3964491398,"6930 Robert Trail
New Joseph, KY 23000",2024-09-11
b44aa282-e161-4ee7-afd6-2ed96462ea0b,Justin Trujillo,richard41@example.org,455-808-1873,"743 Rogers Island Suite 213
Lake Anthonyburgh, WY 10653",2025-04-03
81b6d0e1-a2e8-4337-a4ae-0e355859675a,Patrick Thomas,jamesrodriguez@example.org,5162748028,"717 Logan Ranch
Port Marie, KY 39560",2022-11-20
c63f9dbf-5644-49c7-b10d-964005897b24,Terri Cohen,drobbins@example.org,+1-803-307-0763x084,"0827 Michael Lane Suite 564
West Jonathan, TX 73629",2024-12-09
71383faf-09bf-41ef-a9c4-77485d2ede03,Mark Conley,matthewsnyder@example.com,+1-701-869-3693x5339,"USNS Burns
FPO AA 84080",2023-10-02
180bd62b-2a5c-4b9e-85a0-9113021ebfd1,George Beltran,martinezkaren@example.org,+1-931-708-1637,"PSC 8216, Box 7014
APO AA 79360",2021-04-26
f81589d3-7021-4f34-b3bc-059324806a14,Kevin Miller,richard96@example.com,001-826-909-3656x81435,"22875 Curtis Drives
Lake Anthony, UT 69366",2021-09-20
72308e21-2d30-4f0b-8cde-3b71d5e02dde,Rebecca Cochran,williamsmaria@example.com,001-941-313-2765,"PSC 2376, Box 8020
APO AP 40233",2023-06-27
2586b6c8-a967-4ba4-9bf3-9113ac37272b,Samuel Ayers,sandra89@example.com,001-776-999-1414x20832,"235 Fitzgerald Turnpike
Smithborough, TN 95477",2023-08-19
7a6f2aa4-1c83-4981-8eaa-510b5b16ba95,Stephanie Perry,hhawkins@example.net,5964776555,"81437 Rogers Cliffs
Santosside, OH 77522",2021-05-07
a5364de5-ab3a-4ab3-8bca-21ce86b21b09,David Wallace,michelle08@example.org,+1-614-882-6282x1037,"728 Brown River Suite 345
East Robert, MT 55521",2021-10-29
60d66adb-a1e6-480a-8f1f-387b0116723a,Jessica Petty,ramirezwayne@example.org,(234)569-3493x3825,"5209 Rodriguez Motorway
North Derek, CO 85178",2023-10-24
ea8cd506-e6ad-4f95-a85c-9cc116a97599,Heidi Burgess,edwarddaniels@example.com,001-419-424-8462,"4322 Corey Village Apt. 555
North Debramouth, NM 52936",2020-03-12
8078293d-63a9-43c2-bd8b-1fc39dbf026d,Shawna Rangel,uwells@example.org,688.576.5485x862,"102 Schultz Port
Perrymouth, PR 58249",2021-06-21
82dddaa1-cff2-4d33-b5a5-82a2f53f9b6d,Sara Sandoval,calderondonald@example.com,+1-438-428-3729,"4511 Clark Forest
Sarahchester, CO 01259",2025-04-05
47ca3687-49cc-4e68-89ec-3b085961f6b8,Cameron Boyd,andrecooper@example.org,2158045956,"270 Ronald Gateway
Ianland, LA 36899",2022-05-31
4c2ae007-4c2c-4201-94ff-1ef438381218,Paul Thomas,nklein@example.com,+1-655-319-5310x990,"28409 Jason Burg Suite 877
East Curtis, OR 26178",2022-12-02
abe8e384-b39c-4970-9b3d-adfb8b3f34fc,Jessica Garner,willissteven@example.com,+1-743-880-9221,"46126 Barrett Unions Apt. 212
Lynnborough, SC 84579",2020-12-18
67321b40-3a73-4cbb-97aa-9ce61af76b06,Denise Bass,lruiz@example.com,463.462.3366x000,"87367 Rebecca Island Apt. 544
Francesview, KY 99546",2020-05-26
c38323c2-6aeb-4ec3-b371-5cd0a86f454c,Sheri Lowe,dawnsmith@example.net,437.536.0491,"2114 Shannon Hollow
Kevinview, FL 62925",2021-11-23
7e4f73e3-c347-4b48-ac73-ceefbabe0d3b,Sarah Morales,sheri19@example.org,374.237.3746,"PSC 5326, Box 2302
APO AA 09989",2023-01-13
543e29db-ac48-41d0-9cc2-e273d5f0c535,Mark Marsh,lopezblake@example.com,+1-407-837-3274x749,"4076 Ramirez Stream
Michelleland, ID 93311",2024-08-22
4a87c52f-98af-417c-9897-2ab1e787d4d2,Vincent Martinez,ericamurray@example.org,+1-413-646-3469x75706,"57563 Micheal Overpass
Derekchester, SC 76670",2022-10-13
4d4f969e-b5dc-4573-b09a-146936e6d5a5,Sharon Hart,danielgonzales@example.com,+1-317-823-1576x2445,"900 Cook Loop
West Georgeside, VA 70984",2022-08-20
92b12ecf-622f-4932-93c0-1327ae2888ea,James Wilson,justinbradford@example.net,736.570.9368,"32540 Ann Streets Suite 951
Stevenbury, SC 76510",2021-06-08
00ef0856-34e0-4591-8a0d-89f0d367a8f8,Kevin Parks,kaylalee@example.com,+1-533-320-1594,"60918 Daniel Union
Port Amanda, IA 85812",2021-11-24
233f9be7-0045-4d1e-adab-6f92b0a0aef5,Chelsea Bradford,victorallen@example.net,9945840603,"2696 Daniels Branch
Jamesmouth, PA 56992",2020-01-24
96cffc42-7ff3-4ef4-8027-fa23e456aee4,Nancy Payne,paul00@example.net,3214774615,"3123 Schmidt Stravenue
Lake Benjaminview, ND 35422",2022-08-27
467be8a6-a040-4911-b8cc-7c41d6d009b7,Emma Bradley,hurstelijah@example.net,666-797-0477x82060,"26008 Joel Grove Suite 079
Robertville, MD 45842",2020-09-14
9447c19e-2bc4-438f-8c6e-45f0e0704b0b,Maria Anderson,sarahadams@example.net,+1-593-418-6452x2362,"2636 Obrien Tunnel
New Emilyburgh, AS 36660",2023-05-10
46fec816-274a-418f-b759-9884436836fe,Charles Lewis,ikeith@example.org,521.667.3054,"24061 Kenneth Mountains
Cannontown, VA 46978",2022-03-22
14c444f2-e2e5-49b9-b5f1-447793a7ab6b,Jonathan Freeman,rhodesjames@example.org,001-593-701-8325x66633,"PSC 8703, Box 4859
APO AE 69076",2021-07-24
41d5fe1f-91fc-4a89-941a-3ec0ac61c04f,Christopher Mosley,coxteresa@example.net,391.609.0576x8046,"954 Matthew Lodge Apt. 801
Smithchester, ND 46558",2023-02-22
ee9a6fa5-ca27-427b-b856-be84a2b85d7f,Ralph Perez,fmitchell@example.org,482.358.7781,"05290 Johnson Village
Bishopport, NE 78796",2022-09-29
7e8e60ac-6037-4d45-a0ea-53a986ee5c60,Mary Maddox,chrisbarnett@example.org,5443542002,"3209 Morgan Lodge
East Larry, TX 25087",2020-08-18
564462c7-7b71-473c-bc22-5a9ceb3731f5,Christina White,owashington@example.com,492.451.9900x07350,"45012 Moody Lake
Laurachester, PR 35183",2023-06-12
112b133f-9518-4f25-bde9-d4358fca33be,Lisa Valenzuela,troygomez@example.org,483-310-5825x70603,"50743 Byrd Gardens
Lake Rogerfort, MI 35825",2021-01-05
99929db6-5439-47d7-8dbf-cd7ebbd25d4c,Mark Owen,sstuart@example.net,001-326-732-2723x2247,"342 Horton Ferry Apt. 295
Perkinsview, ME 98461",2023-02-10
27e4f93b-0652-4545-9048-1f8bd53ba4af,Jacob Phillips,barbara23@example.net,+1-546-701-0167x49180,"3221 Derrick Heights Suite 934
Sanchezburgh, IA 02450",2023-05-27
60dfdcf0-7da4-423d-ae7a-250744519ddd,Emily Vang,popemichael@example.org,416.678.1496,"5652 Mahoney Vista Suite 043
Port Joel, NV 37064",2023-01-27
faac6e61-9e3a-4c6c-8a09-505d6543c8a0,Sabrina Cunningham,lgraves@example.net,534-509-1827,"582 Larry Ville Suite 641
Lisaberg, AL 61193",2022-10-12
601e26f5-e6a7-4dad-bf4e-9f3004c1e716,Laura Brown,lopezmichael@example.net,442-734-8420x20159,"PSC 0042, Box 8708
APO AA 46974",2022-08-02
94e2316e-5ddc-4781-a158-2728d94d9e42,Joshua Blankenship,alexanderjoseph@example.net,8656162743,"026 Rogers Expressway Suite 673
New Andrew, CT 21985",2022-10-09
0ad25ec0-eb88-48f6-bd38-371bcab4994c,Corey Kennedy,sanderselizabeth@example.net,567-403-0953x737,"119 Mueller Forge
Berryview, WV 08886",2021-01-12
94390fdb-fec4-4fa9-a7e2-a9e66735c4a9,Rebecca Beasley,victorarroyo@example.net,520.974.3724x14075,"296 Shannon Brook Apt. 887
Scottville, AS 88192",2020-02-17
17d9dd85-9e42-4291-a173-824cb692482a,Devin Solis,jmendez@example.net,(436)782-6477x926,"0826 Reyes Path
Port Rodneyview, PW 33162",2023-05-27
14f1d991-25b3-4a6f-a6f1-1826fcf974e0,James Mitchell,tmejia@example.org,981.899.3022,"854 Erickson Extensions Apt. 686
North Davidberg, PR 75094",2021-11-24
7849b262-7c9f-4f9a-a757-1aaf27d8dcf9,Mark Meadows,joseph88@example.org,(588)455-3238x5715,"260 Dennis Forges
Theresaport, MD 75937",2021-07-22
d58dba0c-96f5-4825-97e7-756b2c37d141,Daniel Holland,jeremy68@example.com,(463)955-0212x1144,"8140 David Loaf Apt. 665
Castanedaside, PR 40864",2023-04-25
8629dba7-b0fc-4694-a144-7dcca5935d58,Maureen Roberts,sarahwiley@example.com,001-416-548-0645x24576,"43648 Angela Mews Suite 805
Lake Robert, NY 15243",2024-01-01
52076c94-10e7-4797-8fb2-503abdd61a8f,David Miller,juliejohnson@example.com,731-469-9677x92071,"64075 Trevor Coves
Hansenberg, TN 54520",2024-02-17
3f35ba0d-7551-4d68-8061-a72a65b3b824,Laura Myers,brittney04@example.org,(564)827-7755x1778,"9676 Brendan Courts
New Williamburgh, MO 80413",2020-06-17
94478c7b-8725-46a1-971f-9d22bae6e279,Kevin Gibson,sarahjohnson@example.com,(228)398-7211x7474,"8017 Garza Stream Suite 494
Phillipsburgh, DC 87949",2021-03-04
bc732f33-d94e-4eca-a2ee-6b25fe1750af,James Farmer,kendrarodriguez@example.com,671-260-7871x448,"2295 David Pines Apt. 134
Murraymouth, AZ 43026",2022-03-08
5bc21295-d75f-4046-ba66-b835b65c48d1,Theresa Gregory,mpowers@example.org,(889)760-8081x67340,"29977 Stephanie Stravenue Apt. 425
Kimberlyside, ME 80195",2021-07-05
7a7f80d3-2263-4b6a-9261-1c8894675171,Dylan Bennett,paul82@example.org,(568)523-9400,"50929 Cruz Mission
Noahshire, TN 76809",2021-07-05
3ced9c0c-a176-4e2e-83a6-ab6157cc4ac8,James Massey,jose77@example.com,001-284-511-2905x751,"48940 Villarreal Passage Apt. 740
Mannfort, HI 89346",2024-05-09
0c3727e3-461a-44ca-8c68-ec4a8e00ac1d,Kevin Martin,gsimpson@example.com,2672783736,"9268 Jacob Squares Apt. 008
West Anthony, PA 01273",2023-07-16
83d85ac9-fc22-4f43-8429-ae911efe2914,Kim Bailey,eduardohoward@example.com,(710)739-4771x263,"5658 Deborah Coves Apt. 413
Baileyton, AZ 31180",2021-05-24
a9449f8e-f5d6-4038-a07d-c5a3830be744,Tommy Miranda,dunnlaura@example.net,7672016551,"244 Wallace Knoll Apt. 534
Samanthamouth, PW 03127",2024-03-28
b5583c9e-0983-4531-bc9f-3d81621c72ae,Jimmy Nelson,maryvasquez@example.org,(476)237-0791x5500,"529 Elliott Villages
Lake Donald, OH 19000",2022-06-12
51a2f309-96fe-4ece-9618-2f9c65175140,Kathleen Bell,erusso@example.net,221-464-7102x44823,"156 Smith Row Suite 601
Mcconnellbury, NM 54245",2022-02-15
413c9260-3e92-41e5-8948-6d2397cc94a4,Ashley Bird,dianamorris@example.net,955.956.8132x1240,"11355 Dawn Brooks
Loveborough, AK 20909",2020-01-11
0c01dd83-7e10-4757-80ef-862a36187f93,Jessica Pennington,lauren47@example.net,+1-909-399-4763x05796,"86374 Kimberly Pass
East Brandonton, IN 15556",2022-04-23
a5966231-97cc-4003-80b6-c5c0d025a9d8,Brandi Freeman,daviddiaz@example.org,596.275.4887,"USCGC Bennett
FPO AP 56294",2023-05-27
7ce58b5a-f92c-402c-bac1-95275bd0dda6,Thomas Ramirez,qfrazier@example.net,359.866.4442x38397,"361 Charles Route
Port Larrymouth, AS 46696",2023-09-02
f6cf7b13-9e04-44d9-afca-a9e50c882591,Maria Holmes,heather94@example.com,(334)385-5620,"35878 Dawn Circle
West Randall, VI 13377",2021-07-14
401be876-558c-4163-8ff8-611b07f6f1f5,Brittany Silva,kmoore@example.org,001-586-928-6517x2191,"USNS Short
FPO AE 19896",2024-11-19
56ea1c9e-ba91-40be-bc6a-f4e05f54da66,Courtney Long,cheyennedavid@example.com,820-380-0082,"45108 Yvonne Views
Hebertborough, MN 12190",2025-01-05
00ce01c0-5dcd-407b-80c0-11af6b86b627,Erica Donaldson,heidiwilliams@example.net,001-362-769-4991x3815,"60857 Graham Highway
West Danielleville, FM 63515",2024-08-06
c5a008af-64bb-409c-8c57-ae3c4941bf04,Kristy Alvarado,franklee@example.net,001-552-555-9120x618,"6661 Luke Streets Suite 387
Richardmouth, VI 70458",2024-12-12
7c805931-4aea-45fc-ad83-7d630f4d7ef2,Raven Adams,ashleycunningham@example.com,001-498-836-4943x244,"325 Erin Creek
Whiteheadhaven, GA 68097",2020-11-05
2c92b0db-61ab-4498-882b-2d672320ab9e,Zachary Smith,jenniferdavis@example.org,763-519-1747x91473,"6159 James Heights
Welchmouth, FL 63730",2024-12-13
bba3fb86-cca0-45fd-8839-e51383baa46d,Nicole Taylor,nancyarmstrong@example.com,(705)784-0194x3108,"14615 Roth Rapid
Amandaview, GU 49151",2020-02-20
c69dcada-864b-4fa0-9470-ffc9954a55ae,Beverly Bray,kennethandrade@example.com,001-530-592-8483x01871,"25049 Sandra Course
South Davidburgh, WA 15522",2023-10-10
790b973e-cd84-4beb-8354-32990439f177,David Willis,johnsonanna@example.com,476-467-6221x2973,"721 Kayla Ridge Suite 735
South Jared, VI 18906",2020-09-21
9027cbbb-eb26-487b-b3f7-e6e5adad1a0d,John Castro,melissasuarez@example.org,739.784.4199x9195,"USNS Lyons
FPO AE 86419",2021-06-10
52c77169-5385-45a5-9b3f-037e677983b1,Morgan Chavez,rachel39@example.com,+1-698-291-6001,"00091 Jones Forks Suite 463
Hartport, OH 48171",2021-01-02
8ade34ab-1f27-4395-bf7f-9a8675696816,James Lee,leahmayer@example.net,(270)807-2007,"7893 Melissa Park Suite 840
Edwardfurt, AS 95579",2023-01-27
dd6fc48d-1fe6-4f90-96ce-b7e4c66306f5,Joshua Kelly,mikesimpson@example.com,8259441030,"8006 Timothy Creek Apt. 783
Lake Brandibury, NY 55980",2024-12-02
26bed4f7-2dde-4f83-b54f-78aa754cc158,Christina Ward,katrinacampbell@example.net,+1-324-365-9134x6756,"Unit 8133 Box 8939
DPO AP 91198",2021-05-10
13f2d79e-a4a7-4c16-9b64-9b181e455377,Deborah Haney,rachelcrawford@example.com,2963772972,"335 Deanna Mountains
North Carmenville, SD 75588",2024-01-12
