transaction_id,customer_id,amount,currency,timestamp,status
11ab5210-04d3-4bde-94ad-0ef6446f56ee,c5a008af-64bb-409c-8c57-ae3c4941bf04,4690.9,USD,2025-03-17 03:35:26,COMPLETED
be0f1479-f37d-4bc9-bc79-03c2748ca66c,0ad25ec0-eb88-48f6-bd38-371bcab4994c,2399.91,USD,2025-04-12 05:26:09,PENDING
928d94bb-bae4-4b64-907b-96d81e61c7b5,0ad25ec0-eb88-48f6-bd38-371bcab4994c,2735.84,USD,2025-01-13 15:19:38,COMPLETED
1161c26e-35c2-4353-9a5d-b4603fe98fd4,8078293d-63a9-43c2-bd8b-1fc39dbf026d,974.7,USD,2025-03-14 22:42:30,PENDING
1338600d-9b15-4966-a567-6bf534ece0bc,17d9dd85-9e42-4291-a173-824cb692482a,2974.8,USD,2025-02-08 17:47:56,PENDING
a288b1d7-0809-4dde-b096-222aa0d53b8f,14f1d991-25b3-4a6f-a6f1-1826fcf974e0,1184.49,USD,2025-04-12 09:23:13,FAILED
a9e2d838-9a01-48dd-8985-bd60ce0d5808,7e4f73e3-c347-4b48-ac73-ceefbabe0d3b,163.35,USD,2025-03-20 18:48:32,PENDING
8e874119-caed-4d0a-b523-1459028e38de,e0aec7cc-2499-4f68-8a69-ced56a8337f0,1302.63,USD,2025-03-20 06:45:32,FAILED
4f42af4e-a4d3-42bf-b25a-e7ba55cccd57,7e8e60ac-6037-4d45-a0ea-53a986ee5c60,127.79,USD,2025-03-21 17:44:10,FAILED
9d83350f-739e-40f6-a99f-c67b07d8b61b,070a41f7-4dda-40de-9115-fba1d3b68da1,2503.69,USD,2025-01-04 01:01:43,COMPLETED
6439ccba-8bba-4ab0-a46c-f8a256490c15,17d9dd85-9e42-4291-a173-824cb692482a,354.97,USD,2025-01-23 06:12:55,COMPLETED
c54cfa1e-dc00-448a-bc5a-cff0b104bbea,fedadb3d-8a5f-4423-8d13-d4ab2a1b1e8b,786.3,USD,2025-03-07 22:33:12,COMPLETED
d1356fb0-21f2-4ec2-ada1-88b2ca3608fa,72308e21-2d30-4f0b-8cde-3b71d5e02dde,4685.89,USD,2025-02-16 15:58:32,PENDING
343843cb-dd22-4146-9966-db94ddba887d,94478c7b-8725-46a1-971f-9d22bae6e279,3606.05,USD,2025-01-31 17:51:33,PENDING
0882a3bc-1015-4f29-934f-041031e9b587,87dc8b34-aca4-445a-82aa-7af0786f3914,3100.93,USD,2025-01-08 10:23:18,FAILED
cbbab49c-33e1-4e83-80c3-d88a704f652f,c38323c2-6aeb-4ec3-b371-5cd0a86f454c,61.31,USD,2025-04-01 21:47:25,PENDING
c1afb993-2312-4844-90dd-dad72cc916e9,7849b262-7c9f-4f9a-a757-1aaf27d8dcf9,2257.12,USD,2025-01-09 12:36:45,COMPLETED
6fece6f9-384a-434d-986e-4bcb788f79e0,3f35ba0d-7551-4d68-8061-a72a65b3b824,2650.52,USD,2025-04-04 16:51:59,FAILED
aab9e621-e341-44d9-9024-ecafcb30302f,46fec816-274a-418f-b759-9884436836fe,202.12,USD,2025-01-22 21:49:45,FAILED
a40346fd-9420-4c60-86f7-32256de77c7c,14c444f2-e2e5-49b9-b5f1-447793a7ab6b,3636.96,USD,2025-02-12 11:49:57,FAILED
7506e0e7-7372-4337-99bc-4c1cf63cebab,6e2e4ee0-8153-4277-ad07-73d745ba64e4,3930.57,USD,2025-03-25 16:01:21,COMPLETED
25468184-8313-4326-930b-a1f38bcdf4f7,00ce01c0-5dcd-407b-80c0-11af6b86b627,823.91,USD,2025-03-30 10:45:18,PENDING
3db63d51-6436-407c-9525-e07744920623,9447c19e-2bc4-438f-8c6e-45f0e0704b0b,4047.82,USD,2025-01-12 05:43:32,COMPLETED
656ba254-ab27-417a-be85-9f7647c8f956,564462c7-7b71-473c-bc22-5a9ceb3731f5,3732.88,USD,2025-03-08 21:56:55,PENDING
5055041b-500d-4e31-84d6-eb520b12c114,601e26f5-e6a7-4dad-bf4e-9f3004c1e716,1969.37,USD,2025-01-07 20:51:14,PENDING
26c307cd-4cc2-4c8f-97c8-196b52f743f3,b5583c9e-0983-4531-bc9f-3d81621c72ae,35.09,USD,2025-02-11 11:26:00,COMPLETED
be4d75d6-97c4-40cb-9d6e-cca753c4e285,c5a008af-64bb-409c-8c57-ae3c4941bf04,1991.82,USD,2025-01-30 15:17:07,COMPLETED
7b228d4e-06da-49f1-b472-79c38e8ef2b6,4532a3c7-999b-4d77-bbe4-315c8fa9629b,4858.8,USD,2025-03-27 01:25:36,COMPLETED
248678d0-2db4-43df-98f2-58aa573dad19,dd6fc48d-1fe6-4f90-96ce-b7e4c66306f5,4113.12,USD,2025-04-04 05:25:40,PENDING
1ee6e859-47fe-4fe4-9441-768adc3526e3,b44aa282-e161-4ee7-afd6-2ed96462ea0b,2882.51,USD,2025-01-16 14:05:10,PENDING
b799e69d-14b5-499e-8159-4167e93a255e,46fec816-274a-418f-b759-9884436836fe,1340.22,USD,2025-01-29 10:30:07,COMPLETED
592692c2-df37-46d3-980f-704fb4c26ddd,94478c7b-8725-46a1-971f-9d22bae6e279,1485.05,USD,2025-02-10 03:30:11,PENDING
eb83ac5c-d680-4771-be82-8331273e65ea,52c77169-5385-45a5-9b3f-037e677983b1,2663.44,USD,2025-01-14 01:41:02,FAILED
ffe6aca5-9709-4c99-8c9e-188fff62ec2d,99929db6-5439-47d7-8dbf-cd7ebbd25d4c,3253.23,USD,2025-01-18 11:09:48,PENDING
c5eafe2c-3e60-4e68-bdce-e2dc75ac4785,3ced9c0c-a176-4e2e-83a6-ab6157cc4ac8,2957.04,USD,2025-01-28 18:39:33,COMPLETED
34ba9346-6144-4d6d-afbf-f769622703e1,7c805931-4aea-45fc-ad83-7d630f4d7ef2,3281.78,USD,2025-02-25 11:04:04,FAILED
e9d3041d-26e9-4a1b-8f17-8a5a7768bdc8,7c805931-4aea-45fc-ad83-7d630f4d7ef2,3122.96,USD,2025-04-04 19:19:36,FAILED
5a6692cc-c872-4747-9472-dc0a48294204,a9449f8e-f5d6-4038-a07d-c5a3830be744,2866.75,USD,2025-02-23 10:16:55,COMPLETED
0514b3a5-b9d5-4f98-949c-9df34acad1ec,92b12ecf-622f-4932-93c0-1327ae2888ea,3437.91,USD,2025-03-02 14:48:17,COMPLETED
74969ec3-613a-42a0-979f-d2bb6d043fa8,26bed4f7-2dde-4f83-b54f-78aa754cc158,919.33,USD,2025-01-06 22:11:08,COMPLETED
ca88dc4f-3f57-4abe-ab38-86337204dd9a,3f35ba0d-7551-4d68-8061-a72a65b3b824,3698.22,USD,2025-03-06 23:56:44,COMPLETED
7af09436-bb08-4c16-b761-99cf2bf495b6,72308e21-2d30-4f0b-8cde-3b71d5e02dde,2220.12,USD,2025-03-23 20:47:53,PENDING
eacb2c94-2fc4-4c54-8a49-380d4f6df9d5,faac6e61-9e3a-4c6c-8a09-505d6543c8a0,4154.42,USD,2025-01-03 15:54:40,PENDING
6106836e-da53-44ed-9aad-52842efedafe,543e29db-ac48-41d0-9cc2-e273d5f0c535,1871.12,USD,2025-03-12 17:39:30,COMPLETED
8485210f-adab-4287-9cd6-edc3671d6a75,7ce58b5a-f92c-402c-bac1-95275bd0dda6,2088.91,USD,2025-03-11 14:03:44,FAILED
083a8e0b-0ebc-48c4-bc2e-fcec640f8a7a,8ade34ab-1f27-4395-bf7f-9a8675696816,433.85,USD,2025-04-12 08:44:13,PENDING
cc02a8be-7450-4418-9973-45cdea21820b,7a6f2aa4-1c83-4981-8eaa-510b5b16ba95,2000.15,USD,2025-01-22 04:56:21,FAILED
a92917cd-2cfb-4f13-bbdd-60d5daedff43,180bd62b-2a5c-4b9e-85a0-9113021ebfd1,1821.79,USD,2025-02-08 05:29:40,PENDING
ca019dad-d716-4085-bc26-d56613a521d8,070a41f7-4dda-40de-9115-fba1d3b68da1,2243.74,USD,2025-02-02 17:53:22,PENDING
ab0adb9a-9e33-444e-8681-de9c0b8384cc,254c02aa-5290-413b-9f09-24e576303418,2115.25,USD,2025-01-10 06:05:10,FAILED
177d3115-56fb-464e-84d6-53c891b75e82,60d66adb-a1e6-480a-8f1f-387b0116723a,2034.71,USD,2025-03-26 10:57:48,PENDING
98697033-7563-4f69-98f2-d3578382d5f2,52c77169-5385-45a5-9b3f-037e677983b1,2739.24,USD,2025-03-03 11:13:21,COMPLETED
b6db1b7e-90e8-42f9-827c-6a5a560b9a0a,83d85ac9-fc22-4f43-8429-ae911efe2914,1667.19,USD,2025-02-05 14:17:16,PENDING
7946bc1e-ceb0-40f5-a856-8cb41c30751f,4c2ae007-4c2c-4201-94ff-1ef438381218,2607.91,USD,2025-02-21 06:54:43,FAILED
3062ebfa-81da-4a6b-9ad9-d2aa3c1fcec7,14f1d991-25b3-4a6f-a6f1-1826fcf974e0,3760.37,USD,2025-03-08 01:06:57,PENDING
bb0059cc-f8b3-40c8-aba7-698f3630cc75,9098422f-caeb-466d-9b95-89a2ec869a70,4760.63,USD,2025-03-09 14:26:56,PENDING
c1adcd3a-ea92-4589-ba11-f529709aa809,0ad25ec0-eb88-48f6-bd38-371bcab4994c,756.08,USD,2025-03-01 12:35:32,FAILED
e9aa59fd-924b-48b6-8c15-dcdf39987909,013b0f34-e1dd-4d6e-a2ff-842fecd92629,1029.55,USD,2025-03-04 22:22:52,COMPLETED
37feba41-70fc-4ab3-a384-e05be916be16,ee9a6fa5-ca27-427b-b856-be84a2b85d7f,4195.98,USD,2025-03-23 10:41:15,FAILED
8916083e-24a8-4b80-9328-f010e37ca903,112b133f-9518-4f25-bde9-d4358fca33be,1538.99,USD,2025-03-06 14:47:21,PENDING
7b7e2a72-e475-41b2-8adf-d5acb89b2afe,2586b6c8-a967-4ba4-9bf3-9113ac37272b,4884.5,USD,2025-01-24 09:41:01,COMPLETED
802a51ad-61f1-4151-8d7c-2d69ad87e6c0,94e2316e-5ddc-4781-a158-2728d94d9e42,3035.28,USD,2025-03-31 22:14:55,COMPLETED
d706891f-61ec-4cf3-a166-c1119cb76ee9,bc6a3ea7-cc7b-4240-9da9-20e64d62c433,1270.78,USD,2025-03-09 19:17:21,FAILED
71bb9414-0983-428a-af8d-5320e073a3e3,564462c7-7b71-473c-bc22-5a9ceb3731f5,1046.22,USD,2025-03-21 12:10:20,PENDING
47b81cd6-685e-4f9d-82b6-bdc1ca11ffef,8078293d-63a9-43c2-bd8b-1fc39dbf026d,629.36,USD,2025-02-06 07:00:27,COMPLETED
0c4bb25e-2d09-415c-b587-1f1fed44c950,ee9a6fa5-ca27-427b-b856-be84a2b85d7f,842.44,USD,2025-03-18 17:43:08,FAILED
4f601236-5315-4a62-8c88-1b6e1e3709e0,ee9a6fa5-ca27-427b-b856-be84a2b85d7f,1967.44,USD,2025-03-22 23:47:22,COMPLETED
b612323e-1267-42ea-a8b9-eb4a04029795,543e29db-ac48-41d0-9cc2-e273d5f0c535,3076.08,USD,2025-03-17 19:15:04,FAILED
c75f2a84-17f5-4c68-95cd-0bcd43eeee06,07bd62df-7236-4563-a884-b218eea4b417,1700.01,USD,2025-01-04 05:01:52,COMPLETED
8fa604fb-094f-436a-a1ea-7bd729dd5d9d,c69dcada-864b-4fa0-9470-ffc9954a55ae,4543.51,USD,2025-02-26 04:33:27,FAILED
8b82d437-72dc-4762-81d6-ed4ba647c77d,0379a6c1-cc05-4ac6-a17d-fb800f46cefb,4498.2,USD,2025-01-11 04:31:04,PENDING
b90c66ba-e4a8-47a8-9d94-981e3700412d,3ced9c0c-a176-4e2e-83a6-ab6157cc4ac8,3871.2,USD,2025-02-02 21:51:05,PENDING
6bb2e36c-bb85-4610-8aba-115fde9379de,52076c94-10e7-4797-8fb2-503abdd61a8f,4105.24,USD,2025-03-05 20:55:50,COMPLETED
ca86abfe-6e8a-4d25-990b-fba1a8382926,14c444f2-e2e5-49b9-b5f1-447793a7ab6b,132.06,USD,2025-01-03 16:52:55,FAILED
61d93d0c-3898-4364-844e-757106b420ec,07bd62df-7236-4563-a884-b218eea4b417,4153.59,USD,2025-02-09 08:40:43,PENDING
5347d7c7-2a12-46fd-a3e0-e7bfec20c98b,0379a6c1-cc05-4ac6-a17d-fb800f46cefb,2356.77,USD,2025-01-08 02:01:03,FAILED
2668abdf-45f7-4a2a-a7cd-71e88693e63b,abe8e384-b39c-4970-9b3d-adfb8b3f34fc,1949.85,USD,2025-04-11 06:44:44,COMPLETED
9fa34de6-b314-4229-b780-efb346769f63,9447c19e-2bc4-438f-8c6e-45f0e0704b0b,4039.44,USD,2025-04-06 01:56:12,COMPLETED
0b760415-9684-4e6f-87b8-507cd720ee39,7849b262-7c9f-4f9a-a757-1aaf27d8dcf9,1225.62,USD,2025-01-31 12:36:48,COMPLETED
c432623e-c0ec-4bfa-ad79-3e5c033fda36,14cad10a-4eaf-4f21-b790-cfe736d7bb89,302.04,USD,2025-03-27 16:59:45,COMPLETED
245cec2b-fa36-4042-ab0e-85cea95938c9,9098422f-caeb-466d-9b95-89a2ec869a70,4559.91,USD,2025-03-26 03:44:35,COMPLETED
b8cb55a5-6ba4-4503-ba9c-9137bd161b49,94e2316e-5ddc-4781-a158-2728d94d9e42,2571.23,USD,2025-03-02 10:37:49,FAILED
64ed3052-6d26-485c-8d40-fe7d3c32fed3,180bd62b-2a5c-4b9e-85a0-9113021ebfd1,2471.25,USD,2025-01-14 06:23:21,FAILED
6f4beb0c-bdfe-4056-8c2b-e0ba83fcc772,46fec816-274a-418f-b759-9884436836fe,4686.47,USD,2025-01-10 20:13:37,FAILED
67e4161c-7738-44c3-bfab-8954facb262b,e0aec7cc-2499-4f68-8a69-ced56a8337f0,428.64,USD,2025-01-20 10:04:26,COMPLETED
6267788d-73b7-45e1-8947-f36c223dd339,71383faf-09bf-41ef-a9c4-77485d2ede03,4422.64,USD,2025-02-18 22:04:32,COMPLETED
c52b8bc2-32aa-4a95-a601-54d61ef8141e,92b12ecf-622f-4932-93c0-1327ae2888ea,3056.03,USD,2025-03-29 20:11:08,FAILED
ffa98cbd-eb51-4703-9fbe-659ba2e15bbd,4a87c52f-98af-417c-9897-2ab1e787d4d2,536.93,USD,2025-03-06 22:47:13,COMPLETED
27f3490a-ba31-4407-95a3-8cfb36896f23,601e26f5-e6a7-4dad-bf4e-9f3004c1e716,3724.33,USD,2025-02-10 09:08:09,PENDING
20f76948-bcd5-4f19-bc83-c0e1c5d81452,9098422f-caeb-466d-9b95-89a2ec869a70,1332.51,USD,2025-01-20 15:25:46,FAILED
83e7bdf3-5cad-493e-860c-dd5e554ea0d6,4532a3c7-999b-4d77-bbe4-315c8fa9629b,1965.47,USD,2025-01-31 15:39:04,COMPLETED
ee2a6e26-ee48-4c86-a4fe-e2a0c9aadda8,7a7f80d3-2263-4b6a-9261-1c8894675171,3065.71,USD,2025-01-17 15:27:10,COMPLETED
99a3532f-37f1-4398-8dfe-9c45a0665fa2,bc732f33-d94e-4eca-a2ee-6b25fe1750af,619.16,USD,2025-03-25 08:24:20,PENDING
f0e691e1-8f2f-40c5-8f74-893b6f9afe2a,4c2ae007-4c2c-4201-94ff-1ef438381218,1558.86,USD,2025-03-06 15:58:30,FAILED
55e9bd60-c490-4b47-8670-f640aedc4ea2,56ea1c9e-ba91-40be-bc6a-f4e05f54da66,703.26,USD,2025-03-27 05:40:05,COMPLETED
a27902d9-9fe3-4199-883b-bab80db7e54e,413c9260-3e92-41e5-8948-6d2397cc94a4,816.24,USD,2025-04-11 13:46:11,FAILED
d5c4f274-c439-4cbc-8269-d94233b97e3d,c69dcada-864b-4fa0-9470-ffc9954a55ae,3713.28,USD,2025-01-05 11:13:19,FAILED
a5b370ed-93f3-4e78-9e56-7bbc63757cf2,51a2f309-96fe-4ece-9618-2f9c65175140,167.14,USD,2025-02-07 03:57:37,PENDING
e132ef50-c1f7-473d-9c4c-891cc11cf8cf,c63f9dbf-5644-49c7-b10d-964005897b24,3555.31,USD,2025-02-06 07:31:00,PENDING
5f4ddb4e-cca4-4887-a1b7-b1eea9e00f48,7e4f73e3-c347-4b48-ac73-ceefbabe0d3b,246.12,USD,2025-03-11 12:29:47,PENDING
c1ea7a08-cbdf-4a7e-a927-71cfdf5cb0fd,46fec816-274a-418f-b759-9884436836fe,4264.33,USD,2025-02-02 21:10:20,FAILED
3181fa6b-3afa-4e3d-abd9-65fd44bdddfb,07bd62df-7236-4563-a884-b218eea4b417,3763.21,USD,2025-04-03 16:12:04,COMPLETED
f1a2dec5-c224-4b2d-b1f9-2244dea5d47f,60dfdcf0-7da4-423d-ae7a-250744519ddd,2637.82,USD,2025-02-05 07:58:04,PENDING
b8c418d5-548e-43a4-81ed-cff4f980908c,94478c7b-8725-46a1-971f-9d22bae6e279,2145.01,USD,2025-02-03 00:03:21,FAILED
95a17209-dae2-4ca5-8bb2-c3e6804b7e19,8ade34ab-1f27-4395-bf7f-9a8675696816,2680.47,USD,2025-03-27 13:21:05,COMPLETED
ab85ffe7-6bca-4593-afa4-016b918566b7,60dfdcf0-7da4-423d-ae7a-250744519ddd,3949.49,USD,2025-01-04 22:27:18,PENDING
778db47d-ebc0-476c-abb8-8099e6168947,f6cf7b13-9e04-44d9-afca-a9e50c882591,3284.58,USD,2025-03-29 02:06:49,FAILED
cee8e9fb-c69d-423a-ab43-713f301b7874,543e29db-ac48-41d0-9cc2-e273d5f0c535,4125.93,USD,2025-02-22 16:30:28,PENDING
58f58163-8eb6-4cd5-a157-ee3a7d237533,401be876-558c-4163-8ff8-611b07f6f1f5,3878.19,USD,2025-03-10 17:32:48,FAILED
ce0464c6-d252-40a4-9030-bf3a8dcf271b,07bd62df-7236-4563-a884-b218eea4b417,1224.85,USD,2025-03-25 03:34:00,COMPLETED
c686008c-dd39-4f78-8ca0-a9493c5c7867,0c3727e3-461a-44ca-8c68-ec4a8e00ac1d,3180.77,USD,2025-04-05 06:13:53,PENDING
7beb482b-f695-4614-bf1a-5f862b1d0279,401be876-558c-4163-8ff8-611b07f6f1f5,3335.32,USD,2025-02-26 11:18:39,COMPLETED
c7cb8799-84fe-4fd5-a2eb-351eed21a9f2,abe8e384-b39c-4970-9b3d-adfb8b3f34fc,3843.15,USD,2025-01-01 03:17:34,FAILED
b9f6a8ae-e922-440d-9bf5-d46577e39272,fedadb3d-8a5f-4423-8d13-d4ab2a1b1e8b,4780.77,USD,2025-03-13 09:39:57,FAILED
eef36b17-2df2-4ed0-85e6-828e51d547a0,46fec816-274a-418f-b759-9884436836fe,1538.63,USD,2025-02-11 13:24:53,PENDING
003055e8-5028-4783-9119-209cc0def6f6,7c805931-4aea-45fc-ad83-7d630f4d7ef2,981.86,USD,2025-01-04 23:07:54,COMPLETED
7f5d29f4-80b0-481e-a601-3dfc51df1ab1,b9d82e83-138f-423a-9a62-5696a511c91b,3585.93,USD,2025-02-10 21:09:30,FAILED
0d272436-9930-4db5-9e7a-2e0007ec5d23,112b133f-9518-4f25-bde9-d4358fca33be,1100.71,USD,2025-01-09 03:41:30,COMPLETED
ab127230-07ae-4b8c-a212-0a57f5e9f5c4,8078293d-63a9-43c2-bd8b-1fc39dbf026d,1580.27,USD,2025-01-27 10:04:17,COMPLETED
26389624-831a-4ebf-8e84-5601f3f0c176,bc732f33-d94e-4eca-a2ee-6b25fe1750af,2644.89,USD,2025-02-07 20:29:20,FAILED
70fb9a66-7b0f-48f0-b902-2de789307ece,543e29db-ac48-41d0-9cc2-e273d5f0c535,4384.43,USD,2025-03-15 11:52:17,COMPLETED
88d57269-f39c-4817-bd93-944eef73d2db,467be8a6-a040-4911-b8cc-7c41d6d009b7,3349.59,USD,2025-01-22 09:52:06,COMPLETED
6684589c-d606-4c40-9b9b-00595b6920ae,d58dba0c-96f5-4825-97e7-756b2c37d141,1438.72,USD,2025-01-13 00:24:16,FAILED
292e0275-667c-4aef-98fe-a23e5fc19481,112b133f-9518-4f25-bde9-d4358fca33be,3981.36,USD,2025-03-23 22:44:21,FAILED
82c94fab-5c8b-465b-8ab8-2478cc3e6ae7,c63f9dbf-5644-49c7-b10d-964005897b24,3956.72,USD,2025-01-15 21:15:19,FAILED
032620a7-114e-4b1e-8ada-842f78b9f646,81b6d0e1-a2e8-4337-a4ae-0e355859675a,1839.96,USD,2025-04-07 16:36:10,FAILED
6a9d2dd8-6df0-4388-9348-180fd91320c2,a42f6960-8c47-453f-bdf5-fd26c6d64e92,4774.06,USD,2025-01-31 02:17:46,FAILED
1f6657ea-0489-4e1d-93da-b41300e0ce2c,94e2316e-5ddc-4781-a158-2728d94d9e42,729.01,USD,2025-02-15 21:50:34,PENDING
11dca9e3-a670-4db2-b0a0-e3a915279a73,8629dba7-b0fc-4694-a144-7dcca5935d58,2392.29,USD,2025-03-14 09:12:57,COMPLETED
47a002d5-21b4-4b86-b1f6-82a71df00403,abe8e384-b39c-4970-9b3d-adfb8b3f34fc,2509.35,USD,2025-02-01 09:26:37,FAILED
cb88d4ca-ff4d-46cf-9bf5-10f90839b7e8,bba3fb86-cca0-45fd-8839-e51383baa46d,4276.08,USD,2025-03-01 01:21:21,PENDING
24b2895a-5bb5-4ccf-91ce-c520a74c7c5b,35142e45-740e-4739-b358-a6445aaf003d,1323.33,USD,2025-02-20 09:21:35,PENDING
5d13f649-ff26-430a-b2b5-3280ae4d1eaa,87dc8b34-aca4-445a-82aa-7af0786f3914,4774.21,USD,2025-02-07 23:27:52,COMPLETED
9425ac58-c94f-4fec-a536-62e5cd9f2afa,7e8e60ac-6037-4d45-a0ea-53a986ee5c60,222.51,USD,2025-03-15 13:15:21,FAILED
b7493807-4ba4-469f-9932-de2f60556628,7a6f2aa4-1c83-4981-8eaa-510b5b16ba95,3119.89,USD,2025-03-21 08:32:42,FAILED
9f0d3625-b281-491c-80a4-f591d9eced7d,e0aec7cc-2499-4f68-8a69-ced56a8337f0,3138.38,USD,2025-03-30 04:34:58,FAILED
5d296e2f-7abb-430f-9777-f91ad440ad68,ea8cd506-e6ad-4f95-a85c-9cc116a97599,3143.13,USD,2025-01-07 22:21:24,FAILED
4003af66-9f48-46d2-90e2-434534ba95a0,564462c7-7b71-473c-bc22-5a9ceb3731f5,1700.0,USD,2025-01-03 10:49:13,COMPLETED
70c5251c-2b10-4de5-b6a6-7bbc5f22c63f,60dfdcf0-7da4-423d-ae7a-250744519ddd,1066.05,USD,2025-02-04 06:39:56,FAILED
b8f11670-1b86-48f0-96b6-19dc7ea8cf2c,e0aec7cc-2499-4f68-8a69-ced56a8337f0,4242.02,USD,2025-03-04 17:02:24,FAILED
cfa0393a-4b51-4d20-87ef-98e69791b152,e0aec7cc-2499-4f68-8a69-ced56a8337f0,80.89,USD,2025-01-20 03:27:15,PENDING
aa514e7b-984b-45cf-8186-c4cc8928f556,070a41f7-4dda-40de-9115-fba1d3b68da1,2184.48,USD,2025-03-12 18:25:19,FAILED
184fd7bb-3737-4b67-86e8-e8689f05c05f,401be876-558c-4163-8ff8-611b07f6f1f5,3676.4,USD,2025-01-03 02:26:49,PENDING
42452014-43aa-4b09-bf4c-995db02f415d,4d4f969e-b5dc-4573-b09a-146936e6d5a5,4966.79,USD,2025-01-16 09:06:43,FAILED
3c7aa4e3-c711-4b4d-b7fc-10adf1ecdc13,4532a3c7-999b-4d77-bbe4-315c8fa9629b,3537.65,USD,2025-01-31 00:35:38,PENDING
95e7c1c5-e33e-42da-ac02-e8a38a831ea2,4532a3c7-999b-4d77-bbe4-315c8fa9629b,4108.28,USD,2025-02-18 15:57:55,FAILED
0cd47e8f-591f-41b8-855b-567474d82fca,c5a008af-64bb-409c-8c57-ae3c4941bf04,4494.97,USD,2025-01-01 00:43:27,PENDING
de12d4bc-0f41-4e4a-bf58-7673f57d82f2,d657025d-49b8-47ea-a8b7-8c35c067097b,2675.39,USD,2025-04-14 01:49:33,FAILED
7b978bef-1038-4797-a934-808da18847a6,543e29db-ac48-41d0-9cc2-e273d5f0c535,2167.23,USD,2025-03-14 12:06:25,FAILED
e1ff5249-ce70-4705-bc38-431131f0fa10,7c805931-4aea-45fc-ad83-7d630f4d7ef2,151.71,USD,2025-03-19 14:33:11,PENDING
ea0249eb-d586-4e8c-8ae6-4f0b87cbc003,f6cf7b13-9e04-44d9-afca-a9e50c882591,4438.65,USD,2025-03-26 04:46:02,FAILED
050b72c8-ca19-4532-9b6c-98c9bde768f4,b9d82e83-138f-423a-9a62-5696a511c91b,3539.04,USD,2025-02-22 10:11:53,COMPLETED
6913dbbb-17be-4964-b706-e6d1bb4fc1e9,27e4f93b-0652-4545-9048-1f8bd53ba4af,1586.72,USD,2025-01-09 22:28:35,COMPLETED
82d0d290-1e89-4287-9eec-87ab833ab9a5,401be876-558c-4163-8ff8-611b07f6f1f5,1660.84,USD,2025-01-21 06:46:55,COMPLETED
b45b0030-1730-4cfb-8639-a71054f56702,4d4f969e-b5dc-4573-b09a-146936e6d5a5,862.28,USD,2025-01-03 05:01:01,FAILED
9027bb82-9470-4fd7-b382-eab9ec11b760,87dc8b34-aca4-445a-82aa-7af0786f3914,1825.68,USD,2025-01-26 12:53:18,COMPLETED
59cf636e-2e17-48cd-a8fd-e397ff4b31ee,87dc8b34-aca4-445a-82aa-7af0786f3914,2814.27,USD,2025-03-03 11:42:21,FAILED
45f487eb-9c36-4af3-a1f3-9c7e98bc5470,92b12ecf-622f-4932-93c0-1327ae2888ea,3529.33,USD,2025-03-12 06:19:29,COMPLETED
fdbde42f-2ff4-47aa-8e05-4bc868fb9269,87dc8b34-aca4-445a-82aa-7af0786f3914,324.33,USD,2025-03-19 13:34:12,COMPLETED
bcda723f-b9f8-428c-ade0-bcf67786f708,52c77169-5385-45a5-9b3f-037e677983b1,2766.84,USD,2025-02-22 06:00:10,COMPLETED
4e0e1d6a-4413-4ca3-885b-e0252fa7ec4a,17d9dd85-9e42-4291-a173-824cb692482a,4508.18,USD,2025-01-28 01:43:31,COMPLETED
5bbc83f9-e5c9-4691-a26d-e455d73d22df,c38323c2-6aeb-4ec3-b371-5cd0a86f454c,4846.33,USD,2025-01-29 11:39:25,FAILED
90a608c4-750a-46e9-a099-844503193ca1,9c2dc690-53f2-4755-9b79-0ab4c2d72891,2951.42,USD,2025-02-24 21:12:33,COMPLETED
da443d1a-a94d-4459-bbb0-de26e98279f2,96cffc42-7ff3-4ef4-8027-fa23e456aee4,4383.34,USD,2025-02-12 12:28:32,PENDING
179d7f0e-c1d4-46b7-b459-096f9aaf6b1b,b5583c9e-0983-4531-bc9f-3d81621c72ae,3807.94,USD,2025-03-24 11:10:23,PENDING
f99a3368-7d21-4696-b26e-1636b90d0c5f,c38323c2-6aeb-4ec3-b371-5cd0a86f454c,4617.98,USD,2025-01-27 13:48:09,PENDING
0b9390c4-56f1-4b9e-8f58-712e0baaecaf,7c805931-4aea-45fc-ad83-7d630f4d7ef2,3761.03,USD,2025-04-01 06:34:09,COMPLETED
0af0e1e2-a96d-407f-bd1e-8fb68119f2b5,c5a008af-64bb-409c-8c57-ae3c4941bf04,291.7,USD,2025-04-07 23:19:29,PENDING
5e3fe8cf-1813-431c-b0a1-5bc064b75ac2,35142e45-740e-4739-b358-a6445aaf003d,1407.39,USD,2025-02-11 02:50:53,FAILED
bf0b9214-816c-41b0-904d-eec48bfe3653,26bed4f7-2dde-4f83-b54f-78aa754cc158,356.79,USD,2025-02-17 13:17:26,FAILED
1470e7c2-2060-42d8-a2fe-f3fa54711637,467be8a6-a040-4911-b8cc-7c41d6d009b7,639.86,USD,2025-01-30 16:31:59,PENDING
b19372d5-a1f9-461d-95fc-7be9841370c6,52076c94-10e7-4797-8fb2-503abdd61a8f,4161.24,USD,2025-01-11 00:50:28,COMPLETED
7561dec4-b125-4323-887e-98fedb247ac9,d657025d-49b8-47ea-a8b7-8c35c067097b,1958.54,USD,2025-03-31 12:34:15,COMPLETED
b39537f2-41fd-456d-b8f8-fe2792a18fa8,72308e21-2d30-4f0b-8cde-3b71d5e02dde,1576.5,USD,2025-03-11 08:02:27,COMPLETED
b2318d1b-979c-4533-a841-d9165bfca5fa,7c805931-4aea-45fc-ad83-7d630f4d7ef2,2658.44,USD,2025-02-18 15:34:48,PENDING
76edaaa1-c513-4c84-bfa1-75e40143dd66,4d4f969e-b5dc-4573-b09a-146936e6d5a5,2792.2,USD,2025-03-25 14:56:03,COMPLETED
a92f130b-bc71-4f5e-9ea4-c20bc5662c34,4d4f969e-b5dc-4573-b09a-146936e6d5a5,933.94,USD,2025-01-27 03:52:13,PENDING
87044ef4-81c6-4349-9c1f-327e4bd6d17c,4a87c52f-98af-417c-9897-2ab1e787d4d2,4830.41,USD,2025-03-26 02:45:42,FAILED
c75fe10f-3f90-4152-9270-97fdf3956379,94390fdb-fec4-4fa9-a7e2-a9e66735c4a9,4910.06,USD,2025-02-05 01:20:34,COMPLETED
af7583c1-01a4-4981-ae7f-93343a2ac5d3,bba3fb86-cca0-45fd-8839-e51383baa46d,3851.95,USD,2025-03-19 14:58:52,COMPLETED
c019b1c1-7d24-417b-bef4-0a7f9ce358b0,a5364de5-ab3a-4ab3-8bca-21ce86b21b09,3122.0,USD,2025-04-09 09:40:26,COMPLETED
e7903916-c38f-47c3-a6d8-ab162477d1c1,abe8e384-b39c-4970-9b3d-adfb8b3f34fc,1929.24,USD,2025-03-08 14:55:22,FAILED
1dd9ee6a-e2a3-4b7e-b30e-fd0b026d4d54,c5a008af-64bb-409c-8c57-ae3c4941bf04,1923.7,USD,2025-01-12 07:08:03,FAILED
1e90cbe6-beb7-40d9-b334-1ddea93a7469,a5364de5-ab3a-4ab3-8bca-21ce86b21b09,4734.49,USD,2025-01-18 16:01:19,COMPLETED
d816cb76-3310-4c51-81ed-8df9f0f0d745,3f35ba0d-7551-4d68-8061-a72a65b3b824,4574.23,USD,2025-03-10 20:21:44,COMPLETED
c294dbad-c43d-4586-96ea-2a2c42ab60b2,bba3fb86-cca0-45fd-8839-e51383baa46d,1127.41,USD,2025-03-31 20:04:06,COMPLETED
4d9a9749-48cd-45d1-9cb2-0b34e5e13bd5,b44aa282-e161-4ee7-afd6-2ed96462ea0b,2676.21,USD,2025-04-12 20:53:37,PENDING
70607bfe-7016-46f5-b57b-40daed2f52a4,94e2316e-5ddc-4781-a158-2728d94d9e42,3783.38,USD,2025-02-09 03:14:32,PENDING
1b0d0fdb-6e18-49dd-bb72-d6af1030b63e,72308e21-2d30-4f0b-8cde-3b71d5e02dde,2824.66,USD,2025-01-30 00:20:37,COMPLETED
66aa6555-f1ad-434d-95f8-3895b6ffac18,b5583c9e-0983-4531-bc9f-3d81621c72ae,3979.13,USD,2025-03-25 11:08:21,PENDING
c2bd4621-89e2-4195-89b9-e4fab3cf6797,07bd62df-7236-4563-a884-b218eea4b417,4598.95,USD,2025-04-07 10:16:54,COMPLETED
ad14f1b5-b38f-4367-9767-e8738060bbaf,b9d82e83-138f-423a-9a62-5696a511c91b,889.63,USD,2025-03-11 04:42:58,FAILED
e6e4c6b8-c997-452c-b376-8324b1812c33,27e4f93b-0652-4545-9048-1f8bd53ba4af,1732.08,USD,2025-01-01 22:55:55,FAILED
8d815c92-a9c7-4cc9-9c8a-100e72ed67ea,7e4f73e3-c347-4b48-ac73-ceefbabe0d3b,4777.99,USD,2025-02-28 07:40:18,FAILED
c143ffbb-be7f-45ef-bd5b-4f9507d68d7f,94390fdb-fec4-4fa9-a7e2-a9e66735c4a9,3230.69,USD,2025-03-30 11:46:34,PENDING
effebc69-b407-470b-a9a3-781e44223dab,9058d1f5-5f69-432b-8bdd-c9e6d78c78dd,2482.42,USD,2025-02-22 22:41:33,COMPLETED
7f63b329-cb81-4d69-8c6a-19712e9fff99,7a7f80d3-2263-4b6a-9261-1c8894675171,4927.72,USD,2025-03-31 19:39:44,FAILED
31add4ce-6f65-4e73-bbe4-0b953bbb2187,f81589d3-7021-4f34-b3bc-059324806a14,1932.73,USD,2025-02-05 18:49:15,COMPLETED
1291fc47-fa72-45d8-8a0e-35559b614e9e,ee9a6fa5-ca27-427b-b856-be84a2b85d7f,1264.61,USD,2025-01-21 18:55:31,PENDING
e8d75704-ccc4-4550-8f27-de92871ab045,4532a3c7-999b-4d77-bbe4-315c8fa9629b,2737.62,USD,2025-03-12 09:57:49,COMPLETED
533ff03e-a72d-44a0-b2a7-b817a92cb3ac,d58dba0c-96f5-4825-97e7-756b2c37d141,2220.48,USD,2025-03-15 20:13:09,FAILED
6a2fef1e-cf13-48cc-aa39-daa1cbcf9bf9,9c2dc690-53f2-4755-9b79-0ab4c2d72891,1783.7,USD,2025-01-29 01:41:12,PENDING
c65b9c3f-cc07-4ccf-b6a9-0a42fdc8eb5c,ee9a6fa5-ca27-427b-b856-be84a2b85d7f,966.54,USD,2025-02-09 02:46:39,COMPLETED
f3986f56-7db8-4426-a07c-b6e9b3a43785,abe8e384-b39c-4970-9b3d-adfb8b3f34fc,1820.02,USD,2025-02-16 23:17:02,FAILED
4117566e-9585-4231-99fb-a701dcb46980,26bed4f7-2dde-4f83-b54f-78aa754cc158,3636.73,USD,2025-03-08 10:17:34,FAILED
3eb57fc3-4456-4078-8f0d-c23afb8737c8,9c2dc690-53f2-4755-9b79-0ab4c2d72891,4254.91,USD,2025-01-28 04:30:10,FAILED
f05d9fa9-ce3d-4d0c-ab9f-c42d1aabeaad,9058d1f5-5f69-432b-8bdd-c9e6d78c78dd,76.38,USD,2025-03-14 03:10:43,COMPLETED
8ccad449-ef52-4ef5-ab95-92f016e9562b,c63f9dbf-5644-49c7-b10d-964005897b24,1190.67,USD,2025-02-02 05:14:09,FAILED
3f1b3aaf-6f6f-4e46-a221-2b94976f139e,c38323c2-6aeb-4ec3-b371-5cd0a86f454c,3887.47,USD,2025-03-25 03:00:34,PENDING
fa034060-e2bf-40e9-981d-56479c089866,52076c94-10e7-4797-8fb2-503abdd61a8f,3554.66,USD,2025-03-04 18:02:31,FAILED
3566a181-fb6d-4b9e-b4f6-e899e9ec7b8c,7ce58b5a-f92c-402c-bac1-95275bd0dda6,2763.26,USD,2025-04-01 14:16:11,PENDING
52ecf098-7042-4f2f-b8e8-ff5fa79ffa78,4c2ae007-4c2c-4201-94ff-1ef438381218,4452.36,USD,2025-03-08 23:57:08,FAILED
f4f16e1d-c582-4df3-91b1-f9ee83979457,faac6e61-9e3a-4c6c-8a09-505d6543c8a0,639.79,USD,2025-04-12 08:27:36,PENDING
8be6255d-0f55-4e7b-9a9d-050b4fede985,9c2dc690-53f2-4755-9b79-0ab4c2d72891,2152.89,USD,2025-02-24 06:14:05,FAILED
d07e532b-e808-4d1c-b75c-c647c851037f,17d9dd85-9e42-4291-a173-824cb692482a,4042.91,USD,2025-02-16 14:23:32,FAILED
017f4008-1a60-45f7-a18d-2dfd5e94216c,00ef0856-34e0-4591-8a0d-89f0d367a8f8,1812.37,USD,2025-03-17 17:17:41,FAILED
ac5aa86f-c5f7-4771-8939-54b33f86a35d,b5583c9e-0983-4531-bc9f-3d81621c72ae,71.81,USD,2025-01-23 13:29:30,PENDING
046d8d39-9114-40e7-862e-10fa95f63871,467be8a6-a040-4911-b8cc-7c41d6d009b7,2237.15,USD,2025-01-31 19:44:05,COMPLETED
bb1e6c76-a592-4c92-a2f2-acb84100c26a,b9d82e83-138f-423a-9a62-5696a511c91b,2233.08,USD,2025-02-13 02:52:58,FAILED
0dd52300-5da9-4028-84be-fc173b9ba561,00ef0856-34e0-4591-8a0d-89f0d367a8f8,2309.96,USD,2025-03-04 19:44:50,PENDING
24c83c02-de48-460a-a655-850fd5181411,9447c19e-2bc4-438f-8c6e-45f0e0704b0b,1623.06,USD,2025-03-10 02:17:51,FAILED
dd8a2537-38a5-4a78-8941-a18e1689b617,070a41f7-4dda-40de-9115-fba1d3b68da1,3744.71,USD,2025-03-03 06:26:07,PENDING
a5127ca0-1286-4e16-be6e-87852d83da6e,254c02aa-5290-413b-9f09-24e576303418,4090.64,USD,2025-03-24 13:20:21,PENDING
e491860a-e929-4d9b-b54a-9dfe8041d221,7a7f80d3-2263-4b6a-9261-1c8894675171,3761.12,USD,2025-02-22 17:34:20,COMPLETED
b746cf24-8aa5-434e-82d1-c3afd20a57c1,790b973e-cd84-4beb-8354-32990439f177,1207.85,USD,2025-02-23 20:32:57,FAILED
51efd20b-dff2-43d2-965a-70db008d8bdd,112b133f-9518-4f25-bde9-d4358fca33be,406.99,USD,2025-02-03 20:44:00,PENDING
18be48b9-a125-4e35-bccc-0e6e422c6ca7,9c2dc690-53f2-4755-9b79-0ab4c2d72891,3983.59,USD,2025-01-13 19:50:54,FAILED
92dccbc2-e07e-4427-b26c-fe440f2e3f94,41d5fe1f-91fc-4a89-941a-3ec0ac61c04f,1604.84,USD,2025-03-04 20:14:56,COMPLETED
7ffffe92-00db-404b-8139-cab667ef0483,564462c7-7b71-473c-bc22-5a9ceb3731f5,2800.37,USD,2025-03-09 18:34:56,COMPLETED
3cb6568b-242d-4ff2-892b-56f90e94a3d6,a42f6960-8c47-453f-bdf5-fd26c6d64e92,4059.72,USD,2025-04-11 16:56:48,PENDING
d98b8d47-c320-4079-8e1b-b4450738a866,14c444f2-e2e5-49b9-b5f1-447793a7ab6b,2150.99,USD,2025-02-18 11:52:36,PENDING
b2357a38-8ad5-4a0d-944c-16bd5ed84831,180bd62b-2a5c-4b9e-85a0-9113021ebfd1,3071.03,USD,2025-01-17 07:29:49,COMPLETED
5a08cf81-d766-47e0-ab8f-3b4c8b7a6071,8ade34ab-1f27-4395-bf7f-9a8675696816,4026.69,USD,2025-02-18 18:25:07,PENDING
8031d7b4-37b5-43d5-ac1b-42f2d3238b3c,180bd62b-2a5c-4b9e-85a0-9113021ebfd1,4332.13,USD,2025-01-09 06:04:20,PENDING
38cfaeb7-a5de-4207-ae1c-ca8764525826,26bed4f7-2dde-4f83-b54f-78aa754cc158,4404.1,USD,2025-02-01 11:18:56,PENDING
b7ae2836-efb7-413e-9e31-3db22739bd03,543e29db-ac48-41d0-9cc2-e273d5f0c535,590.03,USD,2025-03-15 07:06:40,FAILED
ec281419-c6b5-46f9-a812-765f54a35754,00ce01c0-5dcd-407b-80c0-11af6b86b627,3103.09,USD,2025-02-25 14:18:16,COMPLETED
93c1b4a8-884a-49e1-a0ae-6d63581278ae,b9d82e83-138f-423a-9a62-5696a511c91b,1560.6,USD,2025-02-14 05:56:15,PENDING
0eb63c3c-a51c-42a6-925f-ca5d74c4fca8,72308e21-2d30-4f0b-8cde-3b71d5e02dde,3442.08,USD,2025-04-13 06:28:00,FAILED
880ad21c-57dd-4fc8-a032-9dad363ba66b,7e8e60ac-6037-4d45-a0ea-53a986ee5c60,1779.56,USD,2025-02-12 21:42:41,PENDING
d443f546-1e0e-4ea4-b88f-87cdbfd6a617,56ea1c9e-ba91-40be-bc6a-f4e05f54da66,29.89,USD,2025-02-09 21:35:47,FAILED
706adec8-00b6-45de-a449-40c7852e08f8,a42f6960-8c47-453f-bdf5-fd26c6d64e92,1320.29,USD,2025-03-02 13:06:14,FAILED
eae2ae09-7ccb-48a2-ad9f-3aa55c5eac27,60d66adb-a1e6-480a-8f1f-387b0116723a,4546.45,USD,2025-02-05 23:20:00,COMPLETED
68360e9d-7021-4654-9966-78c2abd5140e,c38323c2-6aeb-4ec3-b371-5cd0a86f454c,1339.69,USD,2025-03-09 21:28:52,PENDING
c4fdbecd-74c1-4a28-ad1d-5b4d42d99ec3,14cad10a-4eaf-4f21-b790-cfe736d7bb89,554.94,USD,2025-02-06 19:53:23,COMPLETED
4bdbb945-f76d-4f6b-a5b6-eea5ea50a75b,0c01dd83-7e10-4757-80ef-862a36187f93,2412.01,USD,2025-01-25 21:33:38,PENDING
bbd34a68-2e55-476c-a8e6-9ea23df0d468,d58dba0c-96f5-4825-97e7-756b2c37d141,177.9,USD,2025-01-29 02:23:39,FAILED
a5c634d8-8e9a-4421-bca7-d61776dba23e,7ce58b5a-f92c-402c-bac1-95275bd0dda6,3645.68,USD,2025-03-06 02:27:09,COMPLETED
60b5b31a-d746-44ea-a9c5-684707b2c69a,a42f6960-8c47-453f-bdf5-fd26c6d64e92,4877.5,USD,2025-03-22 22:53:06,PENDING
d8a37447-8f5b-4dad-8c66-f6812881072b,71383faf-09bf-41ef-a9c4-77485d2ede03,2938.93,USD,2025-03-07 11:44:38,COMPLETED
725d7280-0a49-4394-b4c6-af5521c97e6b,9058d1f5-5f69-432b-8bdd-c9e6d78c78dd,1686.12,USD,2025-03-29 19:37:24,FAILED
2beb2dd3-ecbf-481e-9cc3-2d011485497a,9098422f-caeb-466d-9b95-89a2ec869a70,3112.48,USD,2025-02-25 10:55:09,PENDING
c4123b2f-1fe2-48c8-98e5-a8395065ffdb,83d85ac9-fc22-4f43-8429-ae911efe2914,2386.2,USD,2025-02-27 23:49:36,COMPLETED
6cbba48a-712b-4c37-a35f-c85c6238a0d9,00ef0856-34e0-4591-8a0d-89f0d367a8f8,4185.84,USD,2025-01-06 21:23:40,COMPLETED
e54e972c-9eb5-4283-9447-f83be44375a3,faac6e61-9e3a-4c6c-8a09-505d6543c8a0,4551.64,USD,2025-01-15 23:43:23,FAILED
2c59d731-aeb3-4013-923e-5d67348bb07e,83d85ac9-fc22-4f43-8429-ae911efe2914,2160.01,USD,2025-03-28 17:26:59,FAILED
07c5ca5e-bde7-402a-9d91-9081299634fa,7a7f80d3-2263-4b6a-9261-1c8894675171,3292.57,USD,2025-04-02 19:00:45,PENDING
331ee2d3-76a3-45b2-8eb8-fce444d7aa02,3f35ba0d-7551-4d68-8061-a72a65b3b824,374.31,USD,2025-01-04 12:05:26,PENDING
a7140f1a-08b7-4c5f-ba8f-11e531a6b090,8ade34ab-1f27-4395-bf7f-9a8675696816,990.34,USD,2025-01-25 20:56:12,COMPLETED
0de8c571-8b88-4ce5-aa8a-2206a4a3e116,467be8a6-a040-4911-b8cc-7c41d6d009b7,3227.77,USD,2025-01-27 17:45:00,FAILED
678a5f3c-6073-4c3f-9396-4f7290266ad3,72308e21-2d30-4f0b-8cde-3b71d5e02dde,1623.06,USD,2025-04-03 17:26:44,PENDING
54862d63-92bd-4350-9612-79f6a596d4cb,564462c7-7b71-473c-bc22-5a9ceb3731f5,900.62,USD,2025-02-09 09:00:44,PENDING
99f006d0-b123-4a05-9817-3301573b74b3,8629dba7-b0fc-4694-a144-7dcca5935d58,4800.02,USD,2025-04-12 00:31:23,FAILED
369b0c45-f176-4ed9-89c5-7a22675d617c,b5583c9e-0983-4531-bc9f-3d81621c72ae,1278.14,USD,2025-03-18 21:12:50,FAILED
8f1af2c0-8aec-4580-ad21-3ebd1c7e4396,413c9260-3e92-41e5-8948-6d2397cc94a4,78.57,USD,2025-01-16 17:00:41,PENDING
d7066d56-49e8-4f70-98ad-c910fb63b8b8,5bc21295-d75f-4046-ba66-b835b65c48d1,979.78,USD,2025-03-25 23:44:28,FAILED
221502eb-a8e3-4f28-b4b4-bc2a11a58f69,0c3727e3-461a-44ca-8c68-ec4a8e00ac1d,4312.98,USD,2025-01-23 12:02:08,PENDING
31236e07-5641-46f7-8375-18dd7abc09c9,543e29db-ac48-41d0-9cc2-e273d5f0c535,3081.25,USD,2025-03-23 22:41:35,FAILED
dd9325ab-f3ce-4b03-804d-767416838fe2,13f2d79e-a4a7-4c16-9b64-9b181e455377,380.76,USD,2025-01-06 11:44:39,COMPLETED
2d6d2530-420d-41aa-b0a7-f07c446a16fb,7e8e60ac-6037-4d45-a0ea-53a986ee5c60,2973.3,USD,2025-01-13 21:14:02,PENDING
55da1b2f-1f51-47ce-895d-86c22cc9833e,87dc8b34-aca4-445a-82aa-7af0786f3914,2310.97,USD,2025-03-16 17:42:18,FAILED
049b4d5a-57a8-49bd-adc9-f0f53b9390c8,fedadb3d-8a5f-4423-8d13-d4ab2a1b1e8b,3630.14,USD,2025-01-04 15:08:51,COMPLETED
ffe890a8-a257-4814-a789-dfcfdd0478c6,2586b6c8-a967-4ba4-9bf3-9113ac37272b,1432.84,USD,2025-04-10 15:22:40,PENDING
b0d0c669-fe00-4576-a374-1355779eef23,82dddaa1-cff2-4d33-b5a5-82a2f53f9b6d,1700.22,USD,2025-01-13 03:33:54,FAILED
8668097b-d84b-4529-8311-9a84370a10bc,81b6d0e1-a2e8-4337-a4ae-0e355859675a,4636.06,USD,2025-02-12 10:46:25,PENDING
eab46bdf-94fb-45e8-8dfb-218e1af741c9,7e8e60ac-6037-4d45-a0ea-53a986ee5c60,914.63,USD,2025-04-04 07:16:20,PENDING
7dadd37e-74ae-432f-9647-65fd7938d35e,8ade34ab-1f27-4395-bf7f-9a8675696816,4016.5,USD,2025-03-05 20:16:07,COMPLETED
d5b1b069-014d-4cc6-994b-afe330a57232,543e29db-ac48-41d0-9cc2-e273d5f0c535,3339.93,USD,2025-03-03 04:15:14,FAILED
2e24c781-235b-4e27-9af2-1ba11a91d79f,7a7f80d3-2263-4b6a-9261-1c8894675171,619.89,USD,2025-02-11 19:41:11,COMPLETED
5114a735-d550-4ac6-bc9d-ff0ec49a9a88,83d85ac9-fc22-4f43-8429-ae911efe2914,1082.79,USD,2025-03-19 13:28:58,FAILED
cd2b763d-592b-4835-b3be-252b44847d01,e0aec7cc-2499-4f68-8a69-ced56a8337f0,2657.74,USD,2025-03-11 07:23:47,PENDING
4b6a31e4-b325-4c72-a197-c8191693fd8d,bc6a3ea7-cc7b-4240-9da9-20e64d62c433,3624.95,USD,2025-03-04 09:32:47,COMPLETED
ed7d8c48-4edc-4a1d-ae2f-787a56e5869a,c63f9dbf-5644-49c7-b10d-964005897b24,3095.34,USD,2025-02-17 17:24:55,FAILED
5190ddb8-c817-4f6a-bfc1-42f1a4bce52f,99929db6-5439-47d7-8dbf-cd7ebbd25d4c,2623.47,USD,2025-01-16 22:27:58,FAILED
8187a8c7-f132-46d1-8100-a40ecee596a7,bc6a3ea7-cc7b-4240-9da9-20e64d62c433,1727.46,USD,2025-03-21 03:32:06,FAILED
eed0440e-3985-4aa1-8891-435ea4ffeedc,8629dba7-b0fc-4694-a144-7dcca5935d58,3371.27,USD,2025-03-03 15:01:17,FAILED
825b1e6b-b0f3-4fa5-8739-76d68ae23661,56ea1c9e-ba91-40be-bc6a-f4e05f54da66,3878.91,USD,2025-03-04 17:18:31,PENDING
334da7b9-6ecc-4226-a258-a537c9f8b9fb,00ce01c0-5dcd-407b-80c0-11af6b86b627,3250.83,USD,2025-02-23 21:33:35,FAILED
04504990-019f-48b9-b31a-7a11fd9b0f20,94390fdb-fec4-4fa9-a7e2-a9e66735c4a9,4369.25,USD,2025-01-20 00:18:37,FAILED
7ced3015-d45b-479b-86cf-730512419bee,e0aec7cc-2499-4f68-8a69-ced56a8337f0,467.4,USD,2025-01-03 22:17:24,FAILED
ab4d127a-f1e2-47fb-9adc-009fcd431ad4,94478c7b-8725-46a1-971f-9d22bae6e279,1643.38,USD,2025-03-04 16:51:35,PENDING
1cc12229-c43b-477f-bb13-1e544efaa87b,17d9dd85-9e42-4291-a173-824cb692482a,4379.58,USD,2025-03-15 08:34:20,COMPLETED
ce33938a-4b4d-4c4d-99cf-6565bbba6cea,7e8e60ac-6037-4d45-a0ea-53a986ee5c60,1523.51,USD,2025-03-30 07:47:34,PENDING
cf9a5fee-1c17-48cd-a5c1-b6e5993f1227,60dfdcf0-7da4-423d-ae7a-250744519ddd,1897.05,USD,2025-04-09 22:07:47,PENDING
88adb0a1-568e-45a0-be3d-07c763c1bb36,6e2e4ee0-8153-4277-ad07-73d745ba64e4,2418.81,USD,2025-03-31 07:47:51,PENDING
387e855b-00a8-463f-afcc-cf37eacdaabb,2c92b0db-61ab-4498-882b-2d672320ab9e,2718.54,USD,2025-02-17 03:46:34,COMPLETED
134dcf45-b14f-48e1-9ca5-371d438a5411,d58dba0c-96f5-4825-97e7-756b2c37d141,4843.58,USD,2025-03-01 04:18:32,PENDING
a1036c2a-6bdd-493b-9917-68660ddc888b,9447c19e-2bc4-438f-8c6e-45f0e0704b0b,156.16,USD,2025-04-14 16:16:22,PENDING
909b8792-76b0-4c91-99aa-7e269fcc5f9b,ea8cd506-e6ad-4f95-a85c-9cc116a97599,4308.41,USD,2025-03-24 15:53:28,PENDING
db528304-9e44-498a-b8c3-376ab25e82f1,2c92b0db-61ab-4498-882b-2d672320ab9e,3099.33,USD,2025-03-11 21:55:46,PENDING
70dc142e-cb57-4f7f-a976-e0d018d9146c,5bc21295-d75f-4046-ba66-b835b65c48d1,2972.29,USD,2025-01-11 22:15:25,FAILED
7b959d6b-fdc8-4c9c-a22e-48a628f5f757,413c9260-3e92-41e5-8948-6d2397cc94a4,4512.97,USD,2025-01-20 09:06:32,COMPLETED
84eeaab5-c633-4b09-ba60-350951d05d27,790b973e-cd84-4beb-8354-32990439f177,4579.83,USD,2025-03-08 18:16:29,COMPLETED
e1662a3c-140e-4aaf-bc1a-6ed6b9774c30,254c02aa-5290-413b-9f09-24e576303418,1464.4,USD,2025-04-12 14:10:11,FAILED
920dfd21-bdc5-4378-9a18-c52bb7be3a36,7e4f73e3-c347-4b48-ac73-ceefbabe0d3b,1835.49,USD,2025-01-09 17:17:10,PENDING
85cf937b-a04d-4da3-98e5-ede1b1577b3f,92b12ecf-622f-4932-93c0-1327ae2888ea,3995.0,USD,2025-03-06 18:23:35,FAILED
696734e0-6406-4d79-8ad1-2d010d7138a1,a5364de5-ab3a-4ab3-8bca-21ce86b21b09,165.97,USD,2025-01-02 09:02:12,FAILED
5452e4b9-1def-4a18-855b-05e60ea571e0,00ef0856-34e0-4591-8a0d-89f0d367a8f8,1959.91,USD,2025-02-06 07:38:58,COMPLETED
507f3089-3eab-4287-a9e8-0809a344c006,c63f9dbf-5644-49c7-b10d-964005897b24,3197.73,USD,2025-04-04 15:00:51,COMPLETED
a91653bb-7f5e-48ea-be8d-675983d880c8,92b12ecf-622f-4932-93c0-1327ae2888ea,891.63,USD,2025-03-17 21:23:14,PENDING
fc8a7269-5ee9-4ef5-898b-2428d9727c55,b44aa282-e161-4ee7-afd6-2ed96462ea0b,908.77,USD,2025-02-11 11:38:59,COMPLETED
8170638d-160f-47e3-a0b2-e6a9ba8ffcdf,87dc8b34-aca4-445a-82aa-7af0786f3914,3267.96,USD,2025-04-07 03:40:32,FAILED
c20111a2-2fe3-44fe-a26e-b09fd659b411,c38323c2-6aeb-4ec3-b371-5cd0a86f454c,496.63,USD,2025-01-05 20:20:18,PENDING
c554ea1c-5aed-4187-b599-ecec0d0ee514,c5a008af-64bb-409c-8c57-ae3c4941bf04,254.79,USD,2025-02-05 12:31:14,FAILED
b7b921ff-1925-49cc-830f-37b3b6512729,ee9a6fa5-ca27-427b-b856-be84a2b85d7f,918.84,USD,2025-04-13 13:15:21,COMPLETED
f1474fd1-8249-4201-845f-11e75937d29c,6e2e4ee0-8153-4277-ad07-73d745ba64e4,2772.33,USD,2025-03-07 20:21:42,FAILED
621d963e-3b5c-42aa-86a5-d12c78b069e3,d657025d-49b8-47ea-a8b7-8c35c067097b,938.27,USD,2025-02-19 18:41:31,COMPLETED
20fd3468-926d-4d03-ac76-b3494393fe5c,81b6d0e1-a2e8-4337-a4ae-0e355859675a,4322.26,USD,2025-04-04 02:55:30,COMPLETED
4bb571db-0eb2-40e5-9617-f00cd3a1060b,71383faf-09bf-41ef-a9c4-77485d2ede03,1365.47,USD,2025-03-20 16:58:26,FAILED
d0142d89-ffd2-49bc-9d9f-5b16be84c924,52076c94-10e7-4797-8fb2-503abdd61a8f,4391.96,USD,2025-01-11 02:24:13,COMPLETED
c5f142e4-e6f7-409e-9405-ed9063bdcba9,92b12ecf-622f-4932-93c0-1327ae2888ea,4286.75,USD,2025-02-04 14:24:56,FAILED
26a14d87-b236-44dc-80c6-755120ac0ea7,e0aec7cc-2499-4f68-8a69-ced56a8337f0,1661.01,USD,2025-03-30 05:43:22,COMPLETED
9b66cad9-6e6b-4758-a52e-e284f12b25eb,8ade34ab-1f27-4395-bf7f-9a8675696816,636.32,USD,2025-03-06 18:10:48,PENDING
0b6be787-d860-4200-a8e5-f760c0659617,14cad10a-4eaf-4f21-b790-cfe736d7bb89,1588.25,USD,2025-02-20 14:00:33,PENDING
824f447f-6366-4141-b739-a77d5f04a75c,35142e45-740e-4739-b358-a6445aaf003d,1767.87,USD,2025-01-31 11:35:07,COMPLETED
4b699856-eb3d-4128-8258-b4f06b6372bd,7ce58b5a-f92c-402c-bac1-95275bd0dda6,4688.32,USD,2025-03-23 17:01:24,COMPLETED
cfae69b5-a845-472a-8972-c6c755c2fff1,112b133f-9518-4f25-bde9-d4358fca33be,1186.31,USD,2025-01-03 11:47:02,PENDING
e62aff87-f1aa-4dc6-873a-ff17250802a6,c5a008af-64bb-409c-8c57-ae3c4941bf04,2502.96,USD,2025-01-06 16:41:33,FAILED
d0da1b56-a3e9-4692-85f9-5c2602ee600e,17d9dd85-9e42-4291-a173-824cb692482a,1479.66,USD,2025-03-15 16:36:03,PENDING
fe7a7577-aaec-417c-a675-80fa5da7670b,94478c7b-8725-46a1-971f-9d22bae6e279,1669.47,USD,2025-02-07 21:43:54,COMPLETED
ef72b212-56c5-45f0-9f71-e7a8ffa499c2,d58dba0c-96f5-4825-97e7-756b2c37d141,1386.58,USD,2025-02-13 17:26:07,FAILED
c3497301-3c95-481b-89a0-460ec002671b,56ea1c9e-ba91-40be-bc6a-f4e05f54da66,2007.27,USD,2025-04-13 14:20:11,FAILED
da5fbd9d-68df-4bff-8eb9-e5e5ae3cf703,14c444f2-e2e5-49b9-b5f1-447793a7ab6b,505.07,USD,2025-02-09 20:00:25,PENDING
81ec6bf6-1bbe-4f29-ac2f-57739c6f94c9,233f9be7-0045-4d1e-adab-6f92b0a0aef5,2760.67,USD,2025-04-07 01:41:57,FAILED
9480a728-b97b-467d-941a-69b2b0fdc9d2,f6cf7b13-9e04-44d9-afca-a9e50c882591,4954.01,USD,2025-04-09 05:14:37,PENDING
16549ed5-0b82-4539-ab8a-104044e07cc2,35142e45-740e-4739-b358-a6445aaf003d,2446.69,USD,2025-01-19 01:57:05,FAILED
83ad79ab-938a-4494-87ab-70d4fdb39039,46fec816-274a-418f-b759-9884436836fe,119.7,USD,2025-01-21 21:35:29,FAILED
4ef3219d-64d1-4760-be5d-c20b3a05e833,bc732f33-d94e-4eca-a2ee-6b25fe1750af,457.81,USD,2025-04-09 10:32:01,FAILED
8936ffa4-430f-45e3-a574-14661a8dd51a,00ce01c0-5dcd-407b-80c0-11af6b86b627,4344.58,USD,2025-01-05 01:42:57,PENDING
ec5acd2a-a39e-4417-b120-26fc976e12a2,4a87c52f-98af-417c-9897-2ab1e787d4d2,2199.59,USD,2025-01-17 06:50:38,COMPLETED
932921bb-8bd3-4e89-a0bc-0b11ae1fa6f8,00ef0856-34e0-4591-8a0d-89f0d367a8f8,2235.37,USD,2025-03-16 02:13:59,PENDING
69c2e01b-4bd6-495c-b5f6-87fa5d8ce192,413c9260-3e92-41e5-8948-6d2397cc94a4,61.41,USD,2025-04-02 05:39:14,PENDING
215a8d29-966e-47d3-a384-435cd56dfc40,7ce58b5a-f92c-402c-bac1-95275bd0dda6,269.63,USD,2025-02-07 02:17:14,COMPLETED
c9ce6009-fe8f-4555-bea3-88600bf5182f,a42f6960-8c47-453f-bdf5-fd26c6d64e92,1624.78,USD,2025-02-07 02:36:02,FAILED
f3216d08-0e2d-4976-a6d4-1f33a13dbc44,2c92b0db-61ab-4498-882b-2d672320ab9e,1142.89,USD,2025-04-11 23:35:37,PENDING
f4e6fb4e-d8e7-4a0a-8552-91b03bc98f81,52c77169-5385-45a5-9b3f-037e677983b1,139.09,USD,2025-03-21 14:57:22,PENDING
0bb6b442-a47d-4576-a738-0544dee4ba09,3f35ba0d-7551-4d68-8061-a72a65b3b824,3966.72,USD,2025-03-27 09:41:57,PENDING
336f6df0-f6da-43f6-80a5-1ce03056315c,790b973e-cd84-4beb-8354-32990439f177,4183.48,USD,2025-01-08 20:45:04,COMPLETED
ca3c47d8-756c-4ba4-8618-0100acfa2aa3,41d5fe1f-91fc-4a89-941a-3ec0ac61c04f,2164.14,USD,2025-01-03 11:16:46,FAILED
dbfc2e6a-1e46-44b2-9eab-7e95d29b0379,87dc8b34-aca4-445a-82aa-7af0786f3914,4994.2,USD,2025-01-29 02:01:46,PENDING
b3b0886b-ab06-45e2-bede-cd8bb1a29552,67321b40-3a73-4cbb-97aa-9ce61af76b06,2114.68,USD,2025-03-28 07:55:02,FAILED
4cf6a128-2c0c-4261-8db5-fdbf9f97cf3a,00ce01c0-5dcd-407b-80c0-11af6b86b627,591.06,USD,2025-02-14 14:30:51,FAILED
27247a13-2c73-43cf-a7b2-afa60a717eb4,d657025d-49b8-47ea-a8b7-8c35c067097b,1295.85,USD,2025-01-19 20:22:52,FAILED
3d058862-97ae-4a89-8874-d3bcf8837734,7ce58b5a-f92c-402c-bac1-95275bd0dda6,2825.24,USD,2025-03-21 08:20:14,PENDING
d2cd204b-0e5e-4a97-8fac-791b4c47893c,b5583c9e-0983-4531-bc9f-3d81621c72ae,1350.77,USD,2025-01-31 18:25:08,PENDING
980d5011-c216-4b56-aa67-57643254c708,bc732f33-d94e-4eca-a2ee-6b25fe1750af,3977.25,USD,2025-03-30 17:22:09,PENDING
6d62d083-c526-4f87-8d77-627f2213f26e,b9d82e83-138f-423a-9a62-5696a511c91b,1710.85,USD,2025-01-17 18:24:03,FAILED
9e40f326-7187-4598-af1a-e8c112901e6d,8ade34ab-1f27-4395-bf7f-9a8675696816,4506.36,USD,2025-02-08 00:59:24,FAILED
e6dfc12a-a55b-444e-9cc9-71c0ebc01432,94e2316e-5ddc-4781-a158-2728d94d9e42,3369.13,USD,2025-03-07 02:28:08,COMPLETED
34cf396a-5995-4bb5-89c7-b900186bb0b7,14c444f2-e2e5-49b9-b5f1-447793a7ab6b,1868.73,USD,2025-02-04 00:20:57,COMPLETED
e45b3c54-4e66-4036-971f-f928266698e3,bba3fb86-cca0-45fd-8839-e51383baa46d,2486.44,USD,2025-01-04 03:11:53,PENDING
5a264915-2b70-40e6-95e1-e7b03c1218d8,180bd62b-2a5c-4b9e-85a0-9113021ebfd1,180.13,USD,2025-03-28 11:26:27,PENDING
6c1e4922-9a24-4341-8662-1056a67cdcb3,81b6d0e1-a2e8-4337-a4ae-0e355859675a,4591.12,USD,2025-03-01 10:42:03,COMPLETED
f7305f87-c989-46cf-ac50-73742bb5be79,c69dcada-864b-4fa0-9470-ffc9954a55ae,169.35,USD,2025-02-06 18:27:27,COMPLETED
644418ef-dcd9-4b01-8780-0744d18ec2de,ea8cd506-e6ad-4f95-a85c-9cc116a97599,2076.27,USD,2025-02-17 00:37:00,FAILED
b3d8a887-ceab-4e85-baa3-335137114427,82dddaa1-cff2-4d33-b5a5-82a2f53f9b6d,347.98,USD,2025-03-14 14:55:19,COMPLETED
0513721c-9977-4dd5-a257-7fc5743edf66,87dc8b34-aca4-445a-82aa-7af0786f3914,3222.87,USD,2025-04-15 00:20:38,PENDING
ae3d7d18-e2a7-4f9c-b539-8bfb146de9dd,67321b40-3a73-4cbb-97aa-9ce61af76b06,942.55,USD,2025-03-07 03:18:08,FAILED
d2fb1748-dd23-49d4-ad3d-953cac6cb81a,254c02aa-5290-413b-9f09-24e576303418,286.3,USD,2025-03-23 10:54:29,PENDING
9d9b26a0-68de-49b9-ae9d-fad068bbaab6,f81589d3-7021-4f34-b3bc-059324806a14,4507.17,USD,2025-03-02 08:57:32,PENDING
ac813816-255a-4455-9b56-82f6e0eca3d9,f81589d3-7021-4f34-b3bc-059324806a14,431.48,USD,2025-03-17 12:10:17,PENDING
e4c88938-6795-4a66-97b3-91a3dfa3bf23,b9d82e83-138f-423a-9a62-5696a511c91b,666.34,USD,2025-03-28 05:08:30,PENDING
4afa6c45-6f4c-4d06-9b7a-5b5686869b3a,56ea1c9e-ba91-40be-bc6a-f4e05f54da66,4526.45,USD,2025-02-20 10:23:08,COMPLETED
b8e82ddb-61a2-4cfc-94da-f4ff94cff91a,ee9a6fa5-ca27-427b-b856-be84a2b85d7f,2188.38,USD,2025-02-13 16:16:38,COMPLETED
8a92caff-e019-4901-8f25-60fafa3a0d57,5bc21295-d75f-4046-ba66-b835b65c48d1,4201.7,USD,2025-02-25 23:35:32,PENDING
a4250c37-ce5f-40f2-9414-659e6ea52451,0c01dd83-7e10-4757-80ef-862a36187f93,2778.92,USD,2025-03-15 21:23:03,COMPLETED
7821df00-19e0-480b-b75f-291de56c09a4,7a7f80d3-2263-4b6a-9261-1c8894675171,2495.8,USD,2025-01-10 11:27:40,PENDING
39c4f2e0-e30d-467e-ba6a-1c4c4d710bb3,27e4f93b-0652-4545-9048-1f8bd53ba4af,4443.07,USD,2025-02-18 23:18:25,PENDING
3139da40-61c1-4091-aa5e-4be409382365,9098422f-caeb-466d-9b95-89a2ec869a70,359.03,USD,2025-03-15 16:35:08,COMPLETED
b1a1070a-94d2-4540-a12a-7dc2333d5908,4a87c52f-98af-417c-9897-2ab1e787d4d2,4701.99,USD,2025-02-02 15:43:46,COMPLETED
0f077543-f438-4f7c-9f10-1b472f34774b,401be876-558c-4163-8ff8-611b07f6f1f5,2372.06,USD,2025-02-01 18:07:20,COMPLETED
5bb362d2-e3c3-4dd2-b1bd-605300271c22,5bc21295-d75f-4046-ba66-b835b65c48d1,1856.93,USD,2025-03-06 18:44:40,PENDING
4a101afc-6e5c-4b95-89e3-349ab5065ee5,601e26f5-e6a7-4dad-bf4e-9f3004c1e716,4025.23,USD,2025-01-15 23:30:05,PENDING
e0dfea67-28d2-488b-a195-5185f0ad8fd6,0379a6c1-cc05-4ac6-a17d-fb800f46cefb,2776.22,USD,2025-01-04 11:35:24,FAILED
8a9ceddf-987f-4284-88f4-748fc060ec21,94478c7b-8725-46a1-971f-9d22bae6e279,3527.6,USD,2025-03-04 23:24:41,COMPLETED
540bbfe0-7181-4be0-b5c7-0859edec6870,0c01dd83-7e10-4757-80ef-862a36187f93,2598.08,USD,2025-03-18 05:16:10,PENDING
df6c63ea-07d4-43bb-b0e5-6064309ea6d5,f81589d3-7021-4f34-b3bc-059324806a14,297.75,USD,2025-03-08 20:05:34,PENDING
71c730ac-d45c-4991-971c-6fbb8192508b,c69dcada-864b-4fa0-9470-ffc9954a55ae,4662.24,USD,2025-04-12 04:55:29,PENDING
8be1048d-e530-4fed-9fdc-7bf336ed5ad2,67321b40-3a73-4cbb-97aa-9ce61af76b06,489.43,USD,2025-03-23 04:18:45,PENDING
3dd277b2-9324-41b6-b0f2-dba965c7fe58,f81589d3-7021-4f34-b3bc-059324806a14,3611.45,USD,2025-02-13 18:41:47,PENDING
4032e400-cab8-43f0-9c5e-0acb4d31cb16,601e26f5-e6a7-4dad-bf4e-9f3004c1e716,4569.52,USD,2025-03-22 01:53:53,FAILED
98338ee4-e801-44e0-b266-20fcfd8d81fe,46fec816-274a-418f-b759-9884436836fe,3230.28,USD,2025-01-05 23:56:32,PENDING
d7028b88-9f0a-45ac-9a62-301a40116b1a,9447c19e-2bc4-438f-8c6e-45f0e0704b0b,1594.23,USD,2025-02-16 23:26:38,PENDING
37a1a0c8-8ee2-40f3-9b87-32dc50d60ab9,a9449f8e-f5d6-4038-a07d-c5a3830be744,2437.23,USD,2025-02-13 14:17:53,COMPLETED
8f25ed0c-a82b-4288-85e9-9e2bea4e3779,5bc21295-d75f-4046-ba66-b835b65c48d1,2628.57,USD,2025-02-19 18:13:57,COMPLETED
a6c91058-176e-47a3-9dd9-fe4e76acb37d,17d9dd85-9e42-4291-a173-824cb692482a,4856.51,USD,2025-04-07 18:03:53,PENDING
077bd827-eb05-47e3-985d-572fe43b3f21,8078293d-63a9-43c2-bd8b-1fc39dbf026d,4959.44,USD,2025-02-26 08:32:43,PENDING
41d20387-4c39-4391-87a3-e103465860c2,564462c7-7b71-473c-bc22-5a9ceb3731f5,2686.32,USD,2025-04-04 23:01:27,FAILED
ddffd9e1-b92a-42f9-a224-e07a6a2c514b,3f35ba0d-7551-4d68-8061-a72a65b3b824,1146.88,USD,2025-03-02 01:40:20,PENDING
90e54b1b-5a90-4230-b4c1-5b58843f6dde,dd6fc48d-1fe6-4f90-96ce-b7e4c66306f5,1011.75,USD,2025-03-04 09:27:34,FAILED
d3e2f2a7-0c57-44d8-b3f6-38fdc52202e5,c5a008af-64bb-409c-8c57-ae3c4941bf04,3333.73,USD,2025-04-03 03:55:28,FAILED
f8ca7a50-9a67-41a0-9439-c8a6fd03415d,112b133f-9518-4f25-bde9-d4358fca33be,1992.51,USD,2025-03-28 06:49:36,PENDING
3da7fd2f-856b-45c0-817d-5d427e3fc2f0,56ea1c9e-ba91-40be-bc6a-f4e05f54da66,1952.09,USD,2025-03-07 02:41:00,PENDING
2cb90333-f61a-4099-92ed-93d25dc8980c,4d4f969e-b5dc-4573-b09a-146936e6d5a5,3894.67,USD,2025-02-09 01:59:57,COMPLETED
2a91c436-b736-4827-aee0-45837717a2e2,4532a3c7-999b-4d77-bbe4-315c8fa9629b,1414.59,USD,2025-01-26 07:03:58,FAILED
5697446f-1161-4f01-81fa-77e4e57cd440,9447c19e-2bc4-438f-8c6e-45f0e0704b0b,1465.51,USD,2025-01-31 18:43:08,COMPLETED
b56c052e-290a-48c0-b29f-3dbce98da498,27e4f93b-0652-4545-9048-1f8bd53ba4af,2857.6,USD,2025-04-14 18:53:28,PENDING
74f50d0a-08d7-4fde-8f8a-119aea102447,a5966231-97cc-4003-80b6-c5c0d025a9d8,828.3,USD,2025-03-29 21:05:50,FAILED
af1d1956-0f10-4c15-b6b1-1c879d50e57a,bc732f33-d94e-4eca-a2ee-6b25fe1750af,681.81,USD,2025-02-05 19:42:21,PENDING
c3f2d715-6c23-43a1-841b-8d4c7b8378e4,46fec816-274a-418f-b759-9884436836fe,3284.38,USD,2025-04-10 18:07:10,COMPLETED
7bd77419-09b2-445b-a985-422fd5e753d7,a9449f8e-f5d6-4038-a07d-c5a3830be744,977.78,USD,2025-03-01 23:48:43,FAILED
582c0f08-73f3-4343-90e5-dd7933d1f532,a42f6960-8c47-453f-bdf5-fd26c6d64e92,1079.48,USD,2025-01-02 06:26:02,PENDING
3b929d06-eca3-4c68-9c8b-6551197cd083,7c805931-4aea-45fc-ad83-7d630f4d7ef2,2216.99,USD,2025-03-28 05:27:00,PENDING
13a48359-5ee5-4820-9ec7-d6ee35b48ee8,4c2ae007-4c2c-4201-94ff-1ef438381218,266.26,USD,2025-03-09 12:09:13,PENDING
357b4af4-311b-4a52-9ff5-ae62c8f39625,601e26f5-e6a7-4dad-bf4e-9f3004c1e716,3576.85,USD,2025-03-29 06:00:02,FAILED
a93b15e4-7213-4659-8e75-2028a4e4e959,9098422f-caeb-466d-9b95-89a2ec869a70,3067.82,USD,2025-02-22 02:37:40,COMPLETED
edcd2a56-4a4a-4d44-8fd3-7d37a325c5ef,67321b40-3a73-4cbb-97aa-9ce61af76b06,134.81,USD,2025-02-20 03:38:46,PENDING
4e22b9ea-2ae8-4354-a360-a66f63bbebed,a9449f8e-f5d6-4038-a07d-c5a3830be744,2273.05,USD,2025-04-04 02:44:57,PENDING
2369adc2-adab-4bb2-8849-4e9c651dae96,601e26f5-e6a7-4dad-bf4e-9f3004c1e716,1836.72,USD,2025-01-19 21:54:31,FAILED
00fa28b7-813c-4d11-b265-5a45c0e42381,233f9be7-0045-4d1e-adab-6f92b0a0aef5,1722.64,USD,2025-01-19 12:24:31,FAILED
480ae725-e29c-4ad8-af96-2295b0b4706d,07bd62df-7236-4563-a884-b218eea4b417,224.58,USD,2025-04-09 22:21:06,PENDING
70e6db4c-2639-4892-a187-ebbc04a04b66,b5583c9e-0983-4531-bc9f-3d81621c72ae,230.2,USD,2025-01-25 04:16:03,FAILED
8b84679b-99a6-4221-9d0c-8229311ddf02,6e2e4ee0-8153-4277-ad07-73d745ba64e4,644.75,USD,2025-02-04 16:07:32,PENDING
63cc9faf-412f-4156-a935-fa7e7bed7517,4c2ae007-4c2c-4201-94ff-1ef438381218,2758.46,USD,2025-03-15 19:45:02,COMPLETED
62970065-8378-4c5b-9a7a-b802777f094b,564462c7-7b71-473c-bc22-5a9ceb3731f5,1701.84,USD,2025-01-04 00:55:03,FAILED
12861509-2dd4-422d-9fbb-21810dc48c7b,4d4f969e-b5dc-4573-b09a-146936e6d5a5,4431.18,USD,2025-01-14 09:05:19,FAILED
bd2f9a78-18f5-4e54-ba2b-ca05b3955fd7,56ea1c9e-ba91-40be-bc6a-f4e05f54da66,4274.12,USD,2025-03-18 21:01:21,COMPLETED
87061804-b55a-4ef5-9257-7073a713a29e,72308e21-2d30-4f0b-8cde-3b71d5e02dde,625.09,USD,2025-02-25 18:15:41,COMPLETED
72a8ac89-15a4-4d04-ab41-849368eab81e,b5583c9e-0983-4531-bc9f-3d81621c72ae,1059.91,USD,2025-01-14 01:37:04,FAILED
bba892e7-7763-497b-93d7-f5e06e6ab0e8,14cad10a-4eaf-4f21-b790-cfe736d7bb89,686.34,USD,2025-02-10 03:22:51,PENDING
59fcb0f2-fd44-4539-a7a1-9e0501409e99,94390fdb-fec4-4fa9-a7e2-a9e66735c4a9,2971.06,USD,2025-04-09 02:02:26,COMPLETED
39e018f1-f03e-43cf-93c3-1944b0554bb6,56ea1c9e-ba91-40be-bc6a-f4e05f54da66,762.8,USD,2025-03-22 10:33:01,COMPLETED
41c52a33-a993-4355-9bc9-1b70fb7ad8ad,0c01dd83-7e10-4757-80ef-862a36187f93,3908.42,USD,2025-02-19 03:47:14,COMPLETED
f6c1c45d-19c6-43d1-b3e9-40f7c1103d5a,46fec816-274a-418f-b759-9884436836fe,93.62,USD,2025-03-28 19:04:22,COMPLETED
002ef025-ba31-4c72-8b95-a3c570c68553,35142e45-740e-4739-b358-a6445aaf003d,3106.06,USD,2025-02-01 06:06:57,FAILED
c780a71e-370e-45e2-9067-003e14cc955c,b44aa282-e161-4ee7-afd6-2ed96462ea0b,558.81,USD,2025-02-01 06:36:56,FAILED
f7ea1030-da41-4f51-b911-f5e08879356f,71383faf-09bf-41ef-a9c4-77485d2ede03,4943.04,USD,2025-01-12 23:52:17,FAILED
45c77eda-6349-4295-a20d-81844a5a0886,7849b262-7c9f-4f9a-a757-1aaf27d8dcf9,1097.75,USD,2025-03-08 22:20:58,FAILED
ce372b1d-1bf2-4e35-9127-df38ad867f1c,543e29db-ac48-41d0-9cc2-e273d5f0c535,3529.86,USD,2025-02-19 17:32:25,FAILED
b510a248-f2da-4042-81d3-5e6f4f0af18f,b9d82e83-138f-423a-9a62-5696a511c91b,4072.58,USD,2025-01-26 04:45:58,FAILED
6f185c6b-5fc1-45ef-9bab-2ef4b918a686,00ce01c0-5dcd-407b-80c0-11af6b86b627,1137.21,USD,2025-02-23 19:12:38,FAILED
4c90a4f9-fe9a-44a2-af16-3a9eecc35981,5bc21295-d75f-4046-ba66-b835b65c48d1,468.26,USD,2025-03-02 15:55:57,PENDING
ca6aa45a-3c47-46e8-b46b-1772d7dc45e1,790b973e-cd84-4beb-8354-32990439f177,4281.01,USD,2025-01-21 09:32:47,PENDING
d9387eaa-916c-4d9e-8c8e-80614c86380d,4c2ae007-4c2c-4201-94ff-1ef438381218,486.25,USD,2025-02-10 09:27:57,PENDING
1e4a71e2-ddb1-42d1-865f-732418d2a48c,543e29db-ac48-41d0-9cc2-e273d5f0c535,2242.47,USD,2025-02-12 15:53:42,FAILED
9144254c-4ba5-4566-b67c-b88b29caed09,72308e21-2d30-4f0b-8cde-3b71d5e02dde,301.6,USD,2025-03-19 13:16:40,COMPLETED
dbcda274-fb5d-49d9-b855-8dcb6d76fbc7,f81589d3-7021-4f34-b3bc-059324806a14,2276.48,USD,2025-04-03 21:35:55,COMPLETED
b4a948ae-5f85-4961-9f4a-eed16d5b89b3,b5583c9e-0983-4531-bc9f-3d81621c72ae,412.22,USD,2025-03-29 02:25:17,FAILED
7ed986eb-b341-460e-a0fc-294badc1912d,d58dba0c-96f5-4825-97e7-756b2c37d141,2511.97,USD,2025-01-03 15:25:17,COMPLETED
83543c92-1ae5-4ae1-85ca-5fec3200ecd5,0c01dd83-7e10-4757-80ef-862a36187f93,1425.66,USD,2025-03-27 06:42:06,COMPLETED
043f4819-6719-4134-8b9e-69dd99bb0c7c,7e4f73e3-c347-4b48-ac73-ceefbabe0d3b,4680.48,USD,2025-02-02 18:44:15,FAILED
04de6d46-0bd0-44dc-ae3b-21579ddf7de3,26bed4f7-2dde-4f83-b54f-78aa754cc158,3684.8,USD,2025-03-29 17:56:52,COMPLETED
7af7b690-d624-4a75-8fb9-83a58a7b0ffa,fedadb3d-8a5f-4423-8d13-d4ab2a1b1e8b,3575.71,USD,2025-01-11 03:29:00,PENDING
2c691e27-5698-408f-9e1b-98dc7d0044c8,46fec816-274a-418f-b759-9884436836fe,346.4,USD,2025-02-07 17:50:47,FAILED
801ccdc5-9c44-40ee-86e4-ec442792613c,2c92b0db-61ab-4498-882b-2d672320ab9e,3379.51,USD,2025-02-02 04:09:27,COMPLETED
ee575bd5-c101-4b47-921e-78a76039a247,9447c19e-2bc4-438f-8c6e-45f0e0704b0b,3279.09,USD,2025-04-02 20:40:03,PENDING
25ec07d8-65f3-4a14-800b-28bdbefa4856,bc6a3ea7-cc7b-4240-9da9-20e64d62c433,3108.7,USD,2025-02-22 06:30:48,FAILED
2e7f34b0-9d76-4506-9c18-ad4f8ae69b36,60dfdcf0-7da4-423d-ae7a-250744519ddd,704.51,USD,2025-01-01 16:23:14,FAILED
4bf06069-8175-41ab-9231-ad7d07a8375d,96cffc42-7ff3-4ef4-8027-fa23e456aee4,1433.11,USD,2025-04-09 16:31:23,FAILED
6b5003ec-2068-4b6e-b491-3ccfcf47f70d,92b12ecf-622f-4932-93c0-1327ae2888ea,147.79,USD,2025-03-11 02:22:04,COMPLETED
d21402b5-f0b1-449f-8454-d6939c8ff737,b44aa282-e161-4ee7-afd6-2ed96462ea0b,3019.35,USD,2025-04-14 20:22:49,PENDING
e0d7e050-a432-4820-884c-a742db57f803,6e2e4ee0-8153-4277-ad07-73d745ba64e4,4927.44,USD,2025-02-26 08:56:01,PENDING
ed4d5758-4f20-4a14-a2de-61d940098079,8ade34ab-1f27-4395-bf7f-9a8675696816,425.57,USD,2025-01-01 01:59:23,FAILED
2a3540cc-246d-4c5a-9a9e-1624e5539bc2,b44aa282-e161-4ee7-afd6-2ed96462ea0b,45.64,USD,2025-02-21 01:13:40,FAILED
d67cffb9-7ff2-4de3-b6d3-6063886c11d9,0c01dd83-7e10-4757-80ef-862a36187f93,1280.91,USD,2025-03-29 21:39:21,COMPLETED
d6e9ab15-7ea2-42a7-960b-d1bed31507db,413c9260-3e92-41e5-8948-6d2397cc94a4,200.79,USD,2025-03-02 02:16:32,COMPLETED
2641c384-a103-417d-8038-bf0da8cf04b1,41d5fe1f-91fc-4a89-941a-3ec0ac61c04f,2809.79,USD,2025-04-13 21:19:58,PENDING
1f5b94ea-7131-4e7a-b9ca-838644bb0381,bc732f33-d94e-4eca-a2ee-6b25fe1750af,4802.76,USD,2025-01-11 19:25:04,COMPLETED
7e215924-7c10-4750-8db3-a6fdbb62f664,7e8e60ac-6037-4d45-a0ea-53a986ee5c60,3376.24,USD,2025-04-03 16:01:05,COMPLETED
5ce50016-f5b5-4080-af37-bfbe2a0c019f,b9d82e83-138f-423a-9a62-5696a511c91b,2193.94,USD,2025-02-21 18:09:17,FAILED
a368cf93-f235-40eb-b15c-501069f8fc23,7849b262-7c9f-4f9a-a757-1aaf27d8dcf9,3113.21,USD,2025-03-12 00:38:20,FAILED
00f53110-dfd7-405c-9c48-d2fd2353c082,9447c19e-2bc4-438f-8c6e-45f0e0704b0b,1947.57,USD,2025-03-23 17:31:31,FAILED
208945ec-4580-48a6-adfb-e6a36b961546,abe8e384-b39c-4970-9b3d-adfb8b3f34fc,4926.66,USD,2025-02-12 08:46:03,FAILED
ce304ad4-9568-43a7-ac52-6773a07cae2f,7a6f2aa4-1c83-4981-8eaa-510b5b16ba95,3478.15,USD,2025-03-26 02:42:16,FAILED
09d408e8-05f8-4944-ac80-827b6333ff06,14c444f2-e2e5-49b9-b5f1-447793a7ab6b,1552.18,USD,2025-04-10 09:19:47,COMPLETED
6766f93b-c31f-42a0-bed7-715cce4b2a25,112b133f-9518-4f25-bde9-d4358fca33be,1728.82,USD,2025-03-03 10:34:32,FAILED
6733e875-d0b6-4979-8ba3-957db322c120,81b6d0e1-a2e8-4337-a4ae-0e355859675a,4837.03,USD,2025-01-29 14:14:55,COMPLETED
4247ed4b-d548-4a98-b6b8-fa67c5148774,14c444f2-e2e5-49b9-b5f1-447793a7ab6b,4577.9,USD,2025-03-14 00:55:09,COMPLETED
fe5a829f-2636-4355-8e30-e6f9b90d26d2,4532a3c7-999b-4d77-bbe4-315c8fa9629b,20.17,USD,2025-02-28 07:54:36,FAILED
b4559e13-f9de-4357-ba88-4cd8bbf83b53,52076c94-10e7-4797-8fb2-503abdd61a8f,3643.05,USD,2025-02-19 22:50:05,PENDING
1beadf15-65d3-4276-b218-5a6e1d81e747,9447c19e-2bc4-438f-8c6e-45f0e0704b0b,4055.44,USD,2025-03-09 00:57:12,FAILED
f8dc1400-400a-4de9-b411-4e2c49e35d75,27e4f93b-0652-4545-9048-1f8bd53ba4af,1242.32,USD,2025-02-08 22:11:21,FAILED
b88734f2-8445-437a-b591-51d0968fa951,81b6d0e1-a2e8-4337-a4ae-0e355859675a,1325.7,USD,2025-03-17 12:13:51,FAILED
df1eea83-db2a-40ee-a587-0517e012e378,467be8a6-a040-4911-b8cc-7c41d6d009b7,848.89,USD,2025-01-03 02:54:01,FAILED
3cfa8633-00cf-46d5-945b-453080d972c0,6e2e4ee0-8153-4277-ad07-73d745ba64e4,1522.3,USD,2025-01-24 05:52:04,COMPLETED
ac967324-f962-4bea-bdd3-78dfb8184f60,d58dba0c-96f5-4825-97e7-756b2c37d141,607.88,USD,2025-02-20 01:25:19,PENDING
67e96cce-b0c5-4e05-aadb-f8b459c65fce,4d4f969e-b5dc-4573-b09a-146936e6d5a5,3462.73,USD,2025-03-11 22:08:07,FAILED
912a3baf-b9a2-49c4-830e-ef9f2336ce9f,27e4f93b-0652-4545-9048-1f8bd53ba4af,211.71,USD,2025-03-12 04:38:31,COMPLETED
0d322b69-5330-4392-a89e-ddab32eadcfe,c63f9dbf-5644-49c7-b10d-964005897b24,2382.21,USD,2025-02-23 04:36:23,PENDING
aff46fa8-1fe1-41b8-8681-4a0b5733f610,7c805931-4aea-45fc-ad83-7d630f4d7ef2,1824.01,USD,2025-03-28 00:10:28,PENDING
a85ef1b2-c686-4c97-9428-08e00df4e057,41d5fe1f-91fc-4a89-941a-3ec0ac61c04f,733.06,USD,2025-02-25 14:29:36,PENDING
ddc07fa6-4927-4a0d-88bd-f4e253c46b52,99929db6-5439-47d7-8dbf-cd7ebbd25d4c,682.15,USD,2025-02-02 02:57:35,COMPLETED
2d8f2898-bd06-4610-85b6-f5abf9e999dc,3ced9c0c-a176-4e2e-83a6-ab6157cc4ac8,1507.26,USD,2025-03-31 17:08:47,PENDING
5e2f12c2-77c6-4fe8-8212-261c4df5274e,3ced9c0c-a176-4e2e-83a6-ab6157cc4ac8,3844.88,USD,2025-02-22 23:29:13,PENDING
26a8906e-16a8-4509-9f06-adf4ce7a21bb,a42f6960-8c47-453f-bdf5-fd26c6d64e92,4440.63,USD,2025-01-10 21:25:52,PENDING
cf99cd61-4f31-4921-936e-c528db14eb2f,7849b262-7c9f-4f9a-a757-1aaf27d8dcf9,34.11,USD,2025-02-16 17:04:56,PENDING
ee292dae-fdbb-4553-9207-7ca45ed71c47,4a87c52f-98af-417c-9897-2ab1e787d4d2,283.48,USD,2025-01-16 14:49:04,COMPLETED
5f1e5f14-2d32-43ea-b786-76a0c2009d66,bba3fb86-cca0-45fd-8839-e51383baa46d,2328.84,USD,2025-01-16 10:18:05,COMPLETED
c40ef534-6659-49d4-a975-05c98145d254,d657025d-49b8-47ea-a8b7-8c35c067097b,1158.49,USD,2025-01-06 14:22:37,PENDING
676d48f2-04d4-4a47-b312-5b0f557be374,9058d1f5-5f69-432b-8bdd-c9e6d78c78dd,2547.84,USD,2025-04-08 07:45:14,COMPLETED
